id,first_name,last_name,email,gender,ip_address
1,Rafi,Vittel,rvittel0@hugedomains.com,Genderfluid,21.120.16.242
2,Kikelia,Boxell,kboxell1@apache.org,Genderfluid,217.103.54.28
3,Vale,Foggarty,vfoggarty2@linkedin.com,Polygender,247.129.48.67
4,Amelina,Jurkiewicz,ajurkiewicz3@google.co.jp,Female,35.37.158.253
5,Maximilian,Wisbey,mwisbey4@cisco.com,Genderqueer,254.89.115.17
6,Iolanthe,Balma,ibalma5@mail.ru,Agender,156.29.171.158
7,Kellsie,Breadon,kbreadon6@fema.gov,Genderfluid,129.18.96.212
8,Davida,Klulik,dklulik7@unblog.fr,Male,234.61.83.96
9,Peterus,Probey,pprobey8@cnbc.com,Bigender,39.59.85.145
10,Sherman,Gettone,sgettone9@liveinternet.ru,Non-binary,9.83.248.183
11,Bevvy,Lowdwell,blowdwella@usgs.gov,Non-binary,127.42.81.42
12,Dana,Gresswood,dgresswoodb@bravesites.com,Genderfluid,153.218.5.63
13,Renae,Habbin,rhabbinc@cmu.edu,Genderfluid,186.69.113.206
14,Moyra,Biasioli,mbiasiolid@hp.com,Genderfluid,21.161.104.151
15,Eustacia,Butterwick,ebutterwicke@google.co.jp,Genderqueer,111.99.122.227
16,Bayard,Esland,beslandf@privacy.gov.au,Non-binary,124.120.200.9
17,Jeanne,Jeens,jjeensg@goodreads.com,Polygender,214.65.198.109
18,Micheal,Simison,msimisonh@hud.gov,Agender,214.223.199.234
19,Westbrook,Savary,wsavaryi@netvibes.com,Bigender,245.21.231.61
20,Hugh,O'Luney,holuneyj@deviantart.com,Agender,135.205.141.229
21,Hollis,Janisson,hjanissonk@wired.com,Genderfluid,222.29.163.138
22,Salome,Grouse,sgrousel@state.gov,Bigender,22.3.212.79
23,Denis,Croughan,dcroughanm@house.gov,Non-binary,90.89.81.139
24,Truman,Speedin,tspeedinn@posterous.com,Genderfluid,194.37.208.140
25,Honoria,Herety,hheretyo@stanford.edu,Female,150.249.125.118
26,Anthony,Chatres,achatresp@bloglovin.com,Female,85.70.16.76
27,Radcliffe,Blacker,rblackerq@cisco.com,Agender,176.32.91.144
28,Talyah,Coghlin,tcoghlinr@trellian.com,Non-binary,44.248.10.188
29,Erinn,Heritege,eheriteges@zdnet.com,Agender,225.47.102.159
30,Jessamyn,Novelli,jnovellit@noaa.gov,Polygender,105.61.150.167
31,Feodora,Simester,fsimesteru@discuz.net,Bigender,73.215.23.251
32,Archaimbaud,Houtby,ahoutbyv@wisc.edu,Bigender,233.47.32.113
33,Olvan,Minors,ominorsw@seattletimes.com,Non-binary,251.31.15.186
34,Mahmoud,Kynoch,mkynochx@t-online.de,Agender,93.54.185.82
35,Hamish,Amorine,hamoriney@fastcompany.com,Agender,67.56.170.171
36,Keane,Conibear,kconibearz@abc.net.au,Bigender,68.219.209.44
37,Loria,Boshard,lboshard10@msn.com,Non-binary,28.83.230.78
38,Sher,Roussell,sroussell11@barnesandnoble.com,Bigender,96.14.82.76
39,Jeane,Satterthwaite,jsatterthwaite12@unicef.org,Agender,144.15.13.81
40,Odessa,Crass,ocrass13@hc360.com,Male,134.115.90.171
41,Adolphus,Lodwick,alodwick14@addtoany.com,Non-binary,16.245.134.220
42,Portia,Duffan,pduffan15@prweb.com,Female,22.112.81.11
43,Wendeline,Pinnijar,wpinnijar16@state.gov,Genderfluid,6.247.199.210
44,Johnna,MacConnal,jmacconnal17@lycos.com,Female,214.40.143.207
45,Vere,Nisen,vnisen18@mtv.com,Bigender,180.86.194.225
46,Kathryn,Dubery,kdubery19@oakley.com,Non-binary,133.12.47.127
47,Alexia,Renoden,arenoden1a@posterous.com,Agender,211.235.120.34
48,Yorke,Braybrooke,ybraybrooke1b@slideshare.net,Male,89.2.156.100
49,Esteban,Zambon,ezambon1c@psu.edu,Male,27.9.134.59
50,Bethanne,Romagnosi,bromagnosi1d@soundcloud.com,Genderfluid,206.240.40.192
51,Monte,Aspinal,maspinal1e@usda.gov,Bigender,63.107.99.252
52,Alina,Dron,adron1f@mayoclinic.com,Polygender,155.13.244.105
53,Charisse,Sunman,csunman1g@harvard.edu,Female,61.72.77.39
54,Cheslie,Tabrett,ctabrett1h@geocities.jp,Genderqueer,40.84.57.128
55,Cherey,Piggford,cpiggford1i@cocolog-nifty.com,Male,248.209.91.234
56,Penn,Neno,pneno1j@tripod.com,Genderfluid,108.49.99.118
57,Dwight,Focke,dfocke1k@tripod.com,Genderqueer,86.192.197.219
58,Gaven,Leif,gleif1l@wordpress.org,Agender,147.207.51.195
59,Kipp,Gansbuhler,kgansbuhler1m@google.pl,Non-binary,118.33.128.251
60,Webb,Aldcorne,waldcorne1n@apache.org,Bigender,155.25.199.180
61,Ulrich,Anchor,uanchor1o@pagesperso-orange.fr,Non-binary,61.85.225.49
62,Homerus,Jackways,hjackways1p@bandcamp.com,Polygender,254.109.136.70
63,Early,Vuitte,evuitte1q@nasa.gov,Female,99.73.121.20
64,Shandeigh,Lowrance,slowrance1r@com.com,Male,128.19.252.15
65,Paddie,Markey,pmarkey1s@independent.co.uk,Bigender,120.108.254.93
66,Arlan,Jerosch,ajerosch1t@engadget.com,Genderfluid,162.102.52.201
67,Lorry,Braden,lbraden1u@ca.gov,Bigender,108.30.158.197
68,Helenelizabeth,Sarle,hsarle1v@infoseek.co.jp,Genderqueer,185.89.208.140
69,Adamo,Tomkin,atomkin1w@tumblr.com,Bigender,15.1.139.67
70,Hardy,Latchmore,hlatchmore1x@about.com,Bigender,69.198.47.69
71,Clary,Adney,cadney1y@typepad.com,Bigender,98.36.239.69
72,Cass,Gossage,cgossage1z@chicagotribune.com,Male,127.66.241.56
73,Cal,Coleford,ccoleford20@guardian.co.uk,Female,233.83.163.190
74,Michel,Cote,mcote21@ucoz.ru,Genderqueer,251.232.84.48
75,Chucho,MacEveley,cmaceveley22@craigslist.org,Genderqueer,194.74.104.215
76,Querida,Barrowclough,qbarrowclough23@jugem.jp,Polygender,206.88.56.235
77,Onfre,Raithbie,oraithbie24@wordpress.org,Genderqueer,60.75.145.203
78,Burton,Bennington,bbennington25@va.gov,Genderfluid,26.112.15.193
79,Chucho,Stoner,cstoner26@tamu.edu,Agender,8.171.69.109
80,Jeana,Handscombe,jhandscombe27@canalblog.com,Polygender,150.137.150.146
81,Noby,Menego,nmenego28@pbs.org,Male,165.164.113.14
82,Mirabel,Matiashvili,mmatiashvili29@opera.com,Agender,111.15.29.244
83,Lanny,Renbold,lrenbold2a@un.org,Agender,13.62.61.168
84,Shayna,Bartlosz,sbartlosz2b@google.com,Genderfluid,21.255.39.213
85,Averil,Jindra,ajindra2c@hostgator.com,Female,131.57.241.234
86,Renaud,Djokic,rdjokic2d@comcast.net,Bigender,225.232.139.212
87,Haydon,Muller,hmuller2e@angelfire.com,Male,197.222.245.252
88,Ariadne,Splevin,asplevin2f@google.fr,Polygender,238.27.52.226
89,Shayne,Balderstone,sbalderstone2g@themeforest.net,Genderqueer,163.62.134.106
90,Caspar,Mazzeo,cmazzeo2h@nationalgeographic.com,Non-binary,30.21.236.138
91,Ferdinand,Mowday,fmowday2i@naver.com,Bigender,34.23.53.82
92,Maurie,Samples,msamples2j@a8.net,Polygender,98.33.19.73
93,Cairistiona,Gothrup,cgothrup2k@seattletimes.com,Genderqueer,242.30.76.227
94,Lianne,Weond,lweond2l@cnet.com,Genderqueer,229.126.117.152
95,Pasquale,Sellick,psellick2m@msn.com,Bigender,123.148.95.81
96,Lise,Rand,lrand2n@elpais.com,Polygender,51.88.52.213
97,Alayne,Geldert,ageldert2o@cbsnews.com,Female,50.41.159.201
98,Ellynn,Klus,eklus2p@csmonitor.com,Genderfluid,155.7.155.154
99,Lester,Thornewell,lthornewell2q@google.es,Male,114.218.96.215
100,Brendon,Gatrill,bgatrill2r@yandex.ru,Male,217.68.75.27
