id,first_name,last_name,email,gender,ip_address
1,Gianina,Haller,ghaller0@dagondesign.com,Male,176.39.90.7
2,Leontine,Crat,lcrat1@sakura.ne.jp,Bigender,53.147.135.225
3,Tilda,Hebbes,thebbes2@google.com.br,Agender,157.250.150.168
4,Tymon,Osant,tosant3@salon.com,Agender,89.159.70.115
5,Laurianne,Malam,lmalam4@icio.us,Bigender,251.123.185.114
6,Horst,Scritch,hscritch5@mashable.com,Genderfluid,27.242.75.108
7,Gerri,Prettyman,gprettyman6@timesonline.co.uk,Non-binary,176.244.105.51
8,Irwin,Livezey,ilivezey7@cpanel.net,Male,76.183.15.184
9,Muffin,Kristoffersen,mkristoffersen8@quantcast.com,Genderqueer,16.119.194.10
10,Taddeo,Dunlop,tdunlop9@arstechnica.com,Male,235.199.23.139
11,Aveline,Crosby,acrosbya@boston.com,Female,15.140.92.25
12,Averyl,Pierton,apiertonb@issuu.com,Genderfluid,241.247.236.21
13,Colby,Tombs,ctombsc@amazonaws.com,Agender,155.28.179.90
14,Wandie,Escott,wescottd@delicious.com,Polygender,165.230.1.83
15,Deeyn,Brands,dbrandse@apple.com,Female,132.147.206.160
16,Clair,Westmerland,cwestmerlandf@hc360.com,Bigender,27.7.7.11
17,Theobald,Waddicor,twaddicorg@photobucket.com,Agender,187.71.87.58
18,Val,Orrell,vorrellh@ucsd.edu,Female,54.190.4.161
19,Thaxter,Pennone,tpennonei@goodreads.com,Female,128.30.112.212
20,Barret,Bingley,bbingleyj@who.int,Polygender,252.13.158.128
21,Andra,Storms,astormsk@ftc.gov,Non-binary,72.217.225.167
22,Bernette,Lambourne,blambournel@archive.org,Non-binary,123.60.221.38
23,Meade,Wigsell,mwigsellm@indiegogo.com,Genderqueer,151.170.225.60
24,Clay,Matton,cmattonn@squarespace.com,Female,47.165.2.202
25,Claudette,Rosita,crositao@redcross.org,Female,75.39.35.8
26,Ingmar,Lickess,ilickessp@whitehouse.gov,Agender,105.179.195.80
27,Harv,Redmell,hredmellq@cbc.ca,Bigender,146.57.18.86
28,Orel,Bode,oboder@sun.com,Female,39.199.4.228
29,Lawry,Lyle,llyles@youtu.be,Male,150.124.35.4
30,Coleman,Erwin,cerwint@bloomberg.com,Genderqueer,61.197.97.53
31,Serge,Symonds,ssymondsu@salon.com,Genderqueer,230.92.216.49
32,Regan,Valti,rvaltiv@acquirethisname.com,Agender,120.22.7.107
33,Arabella,Damarell,adamarellw@pinterest.com,Polygender,94.181.28.142
34,Temple,McCleod,tmccleodx@moonfruit.com,Genderqueer,227.217.181.185
35,Alvis,St Pierre,astpierrey@twitpic.com,Male,64.225.58.181
36,Julian,Fann,jfannz@google.fr,Male,72.44.185.147
37,Murdock,Jon,mjon10@deviantart.com,Agender,192.61.183.21
38,Marcos,Longstreeth,mlongstreeth11@godaddy.com,Genderqueer,185.143.179.169
39,Daniella,Raulstone,draulstone12@delicious.com,Male,42.76.193.246
40,Filmer,McGarvie,fmcgarvie13@oakley.com,Polygender,173.53.150.127
41,Slade,Partkya,spartkya14@constantcontact.com,Bigender,232.66.245.138
42,Ericha,Dawidman,edawidman15@parallels.com,Polygender,61.209.176.132
43,Keeley,Rumgay,krumgay16@de.vu,Genderfluid,47.57.124.2
44,Werner,Teall,wteall17@nih.gov,Agender,118.0.186.177
45,Dominik,Kynston,dkynston18@netlog.com,Polygender,74.183.224.98
46,Lora,Pampling,lpampling19@epa.gov,Bigender,197.35.23.106
47,Lorettalorna,Kosel,lkosel1a@arstechnica.com,Male,218.250.181.108
48,Jeremie,Jopson,jjopson1b@google.co.uk,Genderqueer,206.126.225.238
49,Elwin,Pomery,epomery1c@shareasale.com,Agender,37.184.89.217
50,Emlyn,Foxhall,efoxhall1d@aol.com,Non-binary,74.159.152.194
51,Larine,Fronsek,lfronsek1e@symantec.com,Bigender,241.71.23.52
52,Shirley,Hall,shall1f@cnn.com,Polygender,102.50.187.157
53,Teddie,Marritt,tmarritt1g@yale.edu,Male,218.91.201.197
54,Alie,Hulkes,ahulkes1h@ameblo.jp,Agender,78.98.18.98
55,Fionna,Spellissy,fspellissy1i@cbc.ca,Genderqueer,19.22.141.58
56,Wanda,Maciocia,wmaciocia1j@samsung.com,Male,50.187.244.105
57,Lola,Ohrt,lohrt1k@earthlink.net,Bigender,235.254.198.32
58,Moishe,Charopen,mcharopen1l@addtoany.com,Bigender,193.209.155.84
59,Basilius,Batey,bbatey1m@va.gov,Genderfluid,161.105.81.79
60,Gunilla,Millis,gmillis1n@upenn.edu,Genderqueer,87.70.219.78
61,Jennette,Capehorn,jcapehorn1o@so-net.ne.jp,Male,211.106.38.95
62,Nat,Reedshaw,nreedshaw1p@ameblo.jp,Female,78.211.78.134
63,Nettie,Thomsen,nthomsen1q@bandcamp.com,Genderfluid,18.20.133.135
64,Sheena,Profit,sprofit1r@dyndns.org,Agender,12.51.5.113
65,Anselm,Prescott,aprescott1s@myspace.com,Non-binary,89.22.180.59
66,Justis,Sarle,jsarle1t@nifty.com,Polygender,221.36.83.139
67,Jewelle,Szimon,jszimon1u@wired.com,Male,132.106.226.83
68,Thea,McCauley,tmccauley1v@com.com,Agender,145.183.241.17
69,Lane,Ledgeway,lledgeway1w@blogger.com,Agender,18.90.221.158
70,Benedick,Lias,blias1x@imgur.com,Genderfluid,8.197.225.72
71,Kalina,Hanny,khanny1y@t-online.de,Genderqueer,213.18.46.245
72,Atlante,Robens,arobens1z@macromedia.com,Polygender,203.177.64.144
73,Peg,Rycraft,prycraft20@cbsnews.com,Genderqueer,18.242.67.140
74,Emmie,Alvaro,ealvaro21@opensource.org,Polygender,70.121.193.224
75,Margery,Amaya,mamaya22@jimdo.com,Genderfluid,95.13.251.128
76,Jaimie,Sambrook,jsambrook23@google.pl,Female,221.153.115.152
77,Max,Frith,mfrith24@discovery.com,Genderfluid,40.160.4.42
78,Dunstan,Dacres,ddacres25@loc.gov,Bigender,57.146.6.162
79,Tommie,Wyse,twyse26@timesonline.co.uk,Agender,56.243.118.124
80,Garey,Beacom,gbeacom27@yellowpages.com,Genderqueer,174.57.60.227
81,Daryl,Kilfether,dkilfether28@hatena.ne.jp,Polygender,6.121.49.7
82,Aluin,Matterface,amatterface29@linkedin.com,Genderqueer,221.46.67.21
83,Ad,Landsborough,alandsborough2a@marketwatch.com,Agender,178.123.75.233
84,Elsy,Danielczyk,edanielczyk2b@miitbeian.gov.cn,Female,248.178.77.22
85,Mattheus,Downe,mdowne2c@omniture.com,Bigender,204.211.95.137
86,Raimund,Leeves,rleeves2d@seattletimes.com,Genderqueer,238.184.160.151
87,Tania,Millard,tmillard2e@ucsd.edu,Agender,252.142.148.44
88,Raphaela,Petrusch,rpetrusch2f@army.mil,Male,22.247.10.203
89,Ivie,Melbert,imelbert2g@loc.gov,Polygender,61.171.86.82
90,Norton,Bonome,nbonome2h@shop-pro.jp,Polygender,6.177.251.215
91,Star,Savaage,ssavaage2i@bigcartel.com,Bigender,32.150.70.20
92,Tiffie,Dwelling,tdwelling2j@arstechnica.com,Agender,41.229.22.140
93,Aggi,Seebright,aseebright2k@businessweek.com,Genderfluid,168.229.134.15
94,Bel,Petr,bpetr2l@pen.io,Genderqueer,11.76.156.11
95,Ailis,Fodden,afodden2m@ezinearticles.com,Non-binary,152.70.151.226
96,Delcina,Austins,daustins2n@ifeng.com,Agender,138.240.126.85
97,Menard,Biernacki,mbiernacki2o@fda.gov,Non-binary,242.78.128.175
98,Krystalle,Errichi,kerrichi2p@imdb.com,Bigender,147.112.63.154
99,Lucien,Thireau,lthireau2q@weibo.com,Female,38.18.208.220
100,Lydia,Hansill,lhansill2r@dedecms.com,Agender,180.215.19.199
101,Jeana,Luna,jluna2s@thetimes.co.uk,Male,196.113.140.187
102,Jonie,Samwell,jsamwell2t@webmd.com,Non-binary,98.96.99.31
103,Dedie,Davidove,ddavidove2u@tinyurl.com,Bigender,71.180.19.144
104,Kimberley,O'Grogane,kogrogane2v@blogspot.com,Bigender,46.152.65.21
105,Henrieta,Champneys,hchampneys2w@springer.com,Genderqueer,2.62.250.213
106,Eulalie,Perrington,eperrington2x@europa.eu,Polygender,208.2.33.198
107,Arnoldo,Jordeson,ajordeson2y@sbwire.com,Male,91.212.253.86
108,Cybil,Hallgate,challgate2z@163.com,Female,25.175.136.15
109,Christophe,Wills,cwills30@umich.edu,Non-binary,54.103.252.72
110,Farris,Coot,fcoot31@furl.net,Bigender,126.31.104.127
111,Barney,Crocken,bcrocken32@cloudflare.com,Male,233.207.164.213
112,Bertine,Wallicker,bwallicker33@sakura.ne.jp,Female,14.182.164.223
113,Bernette,Cockton,bcockton34@addthis.com,Polygender,250.191.7.50
114,Aksel,O' Hogan,aohogan35@example.com,Female,8.55.126.2
115,Gloriana,O'Brogane,gobrogane36@nasa.gov,Genderqueer,186.190.56.82
116,Rosmunda,Sutliff,rsutliff37@toplist.cz,Bigender,97.70.197.101
117,Benji,Lohoar,blohoar38@who.int,Male,157.159.217.139
118,Lari,Andrey,landrey39@msn.com,Male,242.65.197.13
119,Annabell,Puckham,apuckham3a@wsj.com,Genderfluid,164.124.245.105
120,Ferris,Cobbled,fcobbled3b@usgs.gov,Genderqueer,38.241.11.29
121,Kelsey,Okeshott,kokeshott3c@ox.ac.uk,Bigender,176.40.114.21
122,Pennie,Hagstone,phagstone3d@infoseek.co.jp,Genderfluid,242.182.69.19
123,Christopher,MacIntosh,cmacintosh3e@freewebs.com,Genderqueer,135.101.124.53
124,Stefano,Normadell,snormadell3f@fc2.com,Male,99.35.28.43
125,Jedidiah,Gregor,jgregor3g@dyndns.org,Agender,189.119.192.250
126,Pedro,Tutton,ptutton3h@webeden.co.uk,Genderqueer,53.233.9.214
127,Glenna,O'Bradane,gobradane3i@amazonaws.com,Non-binary,244.187.70.149
128,Renata,Dennis,rdennis3j@adobe.com,Female,32.29.113.113
129,Myron,Stetson,mstetson3k@kickstarter.com,Non-binary,91.194.93.46
130,Ottilie,Tasker,otasker3l@geocities.com,Genderqueer,8.128.96.201
131,Brody,Boxell,bboxell3m@nbcnews.com,Agender,184.33.139.103
132,Hasty,Christie,hchristie3n@moonfruit.com,Genderqueer,233.20.180.168
133,Ailee,Conningham,aconningham3o@gmpg.org,Non-binary,123.28.32.233
134,Jolynn,Scone,jscone3p@fastcompany.com,Genderqueer,102.228.166.66
135,Cole,Arnaut,carnaut3q@multiply.com,Genderfluid,97.191.76.88
136,Betsey,Levicount,blevicount3r@ovh.net,Agender,186.79.182.214
137,Corabel,Likly,clikly3s@bloglovin.com,Non-binary,220.225.21.20
138,Werner,Chaise,wchaise3t@goo.ne.jp,Genderqueer,31.193.155.43
139,Ruthie,Piquard,rpiquard3u@boston.com,Polygender,20.116.173.207
140,Roscoe,Simo,rsimo3v@furl.net,Genderfluid,205.21.114.9
141,Claudianus,Heales,cheales3w@toplist.cz,Genderqueer,242.189.73.106
142,Morganica,Wallington,mwallington3x@about.com,Bigender,5.17.249.205
143,Philippe,Blunn,pblunn3y@feedburner.com,Non-binary,193.236.181.105
144,Gussie,Gaythwaite,ggaythwaite3z@blinklist.com,Genderfluid,52.45.220.232
145,Kaleena,Foxten,kfoxten40@sphinn.com,Non-binary,206.216.214.11
146,Virgie,Haymes,vhaymes41@themeforest.net,Polygender,234.122.233.130
147,Ashly,Goadsby,agoadsby42@mediafire.com,Polygender,157.196.45.123
148,Lorna,Panner,lpanner43@wikimedia.org,Bigender,220.40.114.80
149,Amelita,Halpin,ahalpin44@privacy.gov.au,Non-binary,136.201.27.50
150,Farr,Taile,ftaile45@last.fm,Genderfluid,222.244.24.15
151,Melodie,Yandell,myandell46@dmoz.org,Bigender,181.106.5.177
152,Moyna,Adrian,madrian47@nature.com,Bigender,91.5.113.112
153,Lia,Moorman,lmoorman48@hostgator.com,Agender,110.64.193.72
154,Worthington,Whorall,wwhorall49@wikipedia.org,Genderqueer,27.30.21.220
155,Hale,Heinreich,hheinreich4a@is.gd,Male,226.90.39.52
156,Anissa,Keays,akeays4b@chicagotribune.com,Non-binary,228.76.3.6
157,Irv,Patise,ipatise4c@indiatimes.com,Non-binary,120.177.0.247
158,Meredithe,Ibert,mibert4d@etsy.com,Non-binary,172.74.148.102
159,Teddie,Bohden,tbohden4e@irs.gov,Non-binary,201.123.46.48
160,Winona,Dursley,wdursley4f@moonfruit.com,Genderqueer,182.62.143.70
161,Ravid,Ilyunin,rilyunin4g@bizjournals.com,Polygender,29.205.153.80
162,Juliet,Georghiou,jgeorghiou4h@flickr.com,Genderfluid,57.216.56.77
163,Wendi,Doran,wdoran4i@last.fm,Polygender,251.139.188.32
164,Justen,Tye,jtye4j@ihg.com,Agender,147.247.103.149
165,Herculie,Vasilyev,hvasilyev4k@google.it,Agender,132.30.83.212
166,Hedi,Brouncker,hbrouncker4l@creativecommons.org,Female,17.3.55.216
167,Claiborn,Boshere,cboshere4m@uol.com.br,Polygender,105.26.71.36
168,Stevie,Zellick,szellick4n@ibm.com,Polygender,177.24.26.98
169,Dylan,Millyard,dmillyard4o@nba.com,Agender,140.229.1.144
170,Barnaby,Friday,bfriday4p@mtv.com,Bigender,22.132.44.93
171,Faustina,Biddleston,fbiddleston4q@flavors.me,Female,57.68.214.44
172,Jules,Inchcomb,jinchcomb4r@bing.com,Non-binary,152.135.223.147
173,Candide,Marks,cmarks4s@whitehouse.gov,Non-binary,192.205.165.150
174,Booth,Caulder,bcaulder4t@un.org,Genderqueer,166.218.246.126
175,Frederich,Penritt,fpenritt4u@salon.com,Female,78.156.4.80
176,Jaimie,Banthorpe,jbanthorpe4v@seattletimes.com,Agender,79.250.6.93
177,Ainslie,Ropcke,aropcke4w@cbslocal.com,Genderfluid,120.22.18.180
178,Dagmar,Stair,dstair4x@state.gov,Polygender,60.38.149.99
179,Immanuel,Dicte,idicte4y@wisc.edu,Genderqueer,130.30.134.237
180,Alaine,Rule,arule4z@newyorker.com,Male,210.138.163.2
181,Stephenie,MacGuffog,smacguffog50@hibu.com,Bigender,77.178.20.232
182,Karel,Haythorn,khaythorn51@earthlink.net,Genderqueer,166.8.32.189
183,Julienne,Stollsteimer,jstollsteimer52@mtv.com,Non-binary,10.113.3.45
184,Randell,Duchart,rduchart53@cbsnews.com,Genderfluid,122.226.112.160
185,Jacquenetta,Hellsdon,jhellsdon54@oracle.com,Genderfluid,184.205.5.176
186,Esdras,Swinerd,eswinerd55@blinklist.com,Genderqueer,7.211.234.254
187,Amory,O'Shirine,aoshirine56@twitter.com,Female,4.126.74.22
188,Dona,Lewsley,dlewsley57@alibaba.com,Polygender,83.48.151.12
189,Nicolea,Brompton,nbrompton58@shop-pro.jp,Non-binary,215.9.167.158
190,Belinda,Dewick,bdewick59@phoca.cz,Genderfluid,8.125.32.121
191,Bonni,Varfalameev,bvarfalameev5a@odnoklassniki.ru,Polygender,6.91.40.124
192,Ajay,Pickthall,apickthall5b@1und1.de,Genderqueer,248.160.182.23
193,Vanda,Piwall,vpiwall5c@squarespace.com,Non-binary,46.218.56.101
194,Caresa,Cushion,ccushion5d@lycos.com,Male,168.231.139.54
195,Annadiana,Yetman,ayetman5e@stumbleupon.com,Male,247.106.247.235
196,Gusella,Tredwell,gtredwell5f@salon.com,Bigender,16.117.74.162
197,Clarence,Houtby,choutby5g@geocities.jp,Female,198.22.79.255
198,Lavena,Bandy,lbandy5h@themeforest.net,Genderqueer,6.41.121.168
199,Tabbie,Gunthorpe,tgunthorpe5i@nasa.gov,Agender,172.107.8.67
200,Rahal,Burthom,rburthom5j@addtoany.com,Agender,127.16.232.236
201,Dill,Koschek,dkoschek5k@businessweek.com,Genderqueer,19.9.172.59
202,Lonnard,Matiebe,lmatiebe5l@gnu.org,Male,65.61.165.182
203,Sherilyn,Cocozza,scocozza5m@amazon.co.uk,Genderfluid,153.106.240.66
204,Pen,Aysh,paysh5n@businessweek.com,Non-binary,107.130.140.108
205,Cathrin,Varley,cvarley5o@reference.com,Male,222.95.31.188
206,Stanly,Hiseman,shiseman5p@parallels.com,Female,158.165.248.185
207,Fransisco,Agge,fagge5q@gizmodo.com,Bigender,143.191.3.115
208,Connor,Barsam,cbarsam5r@yale.edu,Genderfluid,62.56.215.79
209,Ethe,Fumagall,efumagall5s@meetup.com,Genderqueer,217.65.178.144
210,Kiri,Newrick,knewrick5t@skyrock.com,Agender,220.159.94.78
211,Noni,Tejada,ntejada5u@dedecms.com,Agender,184.43.238.248
212,Demott,Goley,dgoley5v@google.nl,Non-binary,204.199.40.253
213,Armando,Oddie,aoddie5w@pinterest.com,Agender,143.34.199.232
214,Otes,Apple,oapple5x@squidoo.com,Female,11.64.11.109
215,Quinn,Frediani,qfrediani5y@cbc.ca,Female,182.5.106.175
216,Danita,Santry,dsantry5z@mtv.com,Non-binary,179.176.176.166
217,Yvonne,Ockleshaw,yockleshaw60@miibeian.gov.cn,Male,83.213.141.84
218,Betteann,Blackader,bblackader61@odnoklassniki.ru,Polygender,224.166.155.246
219,Hagan,Booty,hbooty62@japanpost.jp,Genderfluid,227.3.29.66
220,Welby,Pickring,wpickring63@icq.com,Male,106.55.90.112
221,Chloe,Hember,chember64@bbc.co.uk,Bigender,147.129.129.142
222,Rosalie,Costigan,rcostigan65@examiner.com,Genderqueer,200.89.88.104
223,Robena,Bamb,rbamb66@icio.us,Polygender,24.108.130.241
224,Dinah,Ysson,dysson67@google.com.hk,Agender,66.221.190.55
225,Goraud,Robiot,grobiot68@technorati.com,Polygender,155.125.128.245
226,Tedra,Kerman,tkerman69@gmpg.org,Female,226.129.129.159
227,Kinna,Patifield,kpatifield6a@zdnet.com,Genderqueer,61.123.111.147
228,Ashby,Abbett,aabbett6b@php.net,Genderqueer,226.138.99.93
229,Izaak,Viscovi,iviscovi6c@cyberchimps.com,Agender,232.226.201.230
230,Dan,Grocock,dgrocock6d@simplemachines.org,Non-binary,116.77.201.149
231,Luigi,Duell,lduell6e@clickbank.net,Genderfluid,29.141.155.200
232,Marcelline,Glencrash,mglencrash6f@cnbc.com,Genderqueer,238.146.187.19
233,Etheline,Roper,eroper6g@google.fr,Female,72.34.83.136
234,Vanni,Lichtfoth,vlichtfoth6h@un.org,Female,131.228.94.223
235,Granny,Oury,goury6i@economist.com,Female,53.50.29.232
236,Addy,Densumbe,adensumbe6j@wordpress.org,Male,205.154.254.178
237,Stern,Vink,svink6k@mozilla.org,Bigender,78.90.83.95
238,Gus,Siggin,gsiggin6l@mit.edu,Non-binary,154.20.201.22
239,Rodger,Hardwell,rhardwell6m@walmart.com,Polygender,60.114.8.98
240,Chanda,Whitney,cwhitney6n@vimeo.com,Bigender,69.48.162.211
241,Ofilia,Broadwell,obroadwell6o@github.io,Bigender,199.12.55.193
242,Nigel,Wash,nwash6p@tmall.com,Bigender,163.191.166.229
243,Sheela,Levington,slevington6q@diigo.com,Polygender,38.175.237.233
244,Leeland,Choppin,lchoppin6r@hostgator.com,Genderfluid,151.129.236.100
245,Zedekiah,Garrand,zgarrand6s@soundcloud.com,Genderfluid,32.5.106.243
246,Christian,Maslen,cmaslen6t@deliciousdays.com,Female,210.66.244.79
247,Candida,Restall,crestall6u@ezinearticles.com,Agender,80.189.92.75
248,Lenette,Schruyers,lschruyers6v@163.com,Male,237.22.72.139
249,Reba,Brosch,rbrosch6w@multiply.com,Genderfluid,80.153.64.59
250,Janaye,O'Rourke,jorourke6x@joomla.org,Genderfluid,70.121.232.249
251,Jasun,Zanetto,jzanetto6y@i2i.jp,Genderfluid,213.31.48.79
252,Shelba,Cars,scars6z@alexa.com,Polygender,95.215.215.67
253,Myrta,MacCracken,mmaccracken70@squarespace.com,Polygender,163.68.246.131
254,Darwin,Nissle,dnissle71@opensource.org,Female,253.196.152.194
255,Lorie,Cavee,lcavee72@google.it,Genderqueer,215.221.199.226
256,Bing,Shakesbye,bshakesbye73@ycombinator.com,Bigender,197.21.254.248
257,Shanna,Kimmins,skimmins74@walmart.com,Bigender,124.41.230.121
258,Alyse,Pacht,apacht75@privacy.gov.au,Bigender,39.0.110.139
259,Berget,Bingall,bbingall76@surveymonkey.com,Agender,141.252.167.182
260,Boonie,Ellph,bellph77@hugedomains.com,Male,236.164.237.157
261,Dennison,Ferney,dferney78@utexas.edu,Polygender,241.62.198.35
262,Ruthe,Denkel,rdenkel79@about.com,Polygender,20.176.47.43
263,Jakie,Nezey,jnezey7a@artisteer.com,Genderfluid,210.79.126.148
264,Elsa,Daburn,edaburn7b@moonfruit.com,Agender,79.165.234.88
265,Ulrike,Perschke,uperschke7c@psu.edu,Agender,105.176.243.35
266,Cammy,Beeho,cbeeho7d@wiley.com,Non-binary,225.118.162.162
267,Morgun,Moncreiffe,mmoncreiffe7e@cbc.ca,Polygender,155.108.2.147
268,Leonie,Sumnall,lsumnall7f@mit.edu,Bigender,121.105.68.54
269,Ursa,Calderon,ucalderon7g@tmall.com,Genderqueer,145.39.137.95
270,Rozina,Sines,rsines7h@illinois.edu,Bigender,2.152.145.162
271,Marlie,Franiak,mfraniak7i@google.pl,Female,124.113.151.187
272,Anabelle,Bauduccio,abauduccio7j@state.gov,Agender,166.225.44.198
273,Hakim,Lilion,hlilion7k@acquirethisname.com,Bigender,198.12.193.31
274,Chance,Belcham,cbelcham7l@dmoz.org,Male,62.136.125.140
275,Noby,Damp,ndamp7m@mysql.com,Genderqueer,222.106.60.19
276,Elias,Lammie,elammie7n@bigcartel.com,Genderqueer,60.24.172.194
277,Corbet,Inskipp,cinskipp7o@furl.net,Genderqueer,74.34.219.10
278,Erda,Pley,epley7p@t.co,Genderfluid,24.47.208.48
279,Perle,Gainsborough,pgainsborough7q@vimeo.com,Bigender,209.159.165.173
280,Cristin,Stinton,cstinton7r@gnu.org,Bigender,255.28.187.219
281,Rosaline,Akester,rakester7s@nyu.edu,Male,144.124.254.236
282,Courtnay,Well,cwell7t@imageshack.us,Polygender,144.237.53.106
283,Maurine,Leile,mleile7u@nbcnews.com,Male,229.102.195.165
284,Romola,Lamplugh,rlamplugh7v@chron.com,Genderqueer,99.161.12.164
285,Van,Engledow,vengledow7w@google.pl,Female,3.27.129.175
286,Caritta,Orr,corr7x@uiuc.edu,Non-binary,75.165.83.108
287,Minnaminnie,Pulbrook,mpulbrook7y@shinystat.com,Agender,215.129.230.127
288,Evyn,Mawdsley,emawdsley7z@cocolog-nifty.com,Bigender,221.37.58.34
289,Lorilee,Hilhouse,lhilhouse80@cyberchimps.com,Agender,255.151.72.153
290,Urbanus,Craik,ucraik81@tuttocitta.it,Female,9.180.118.199
291,Devin,Margrem,dmargrem82@archive.org,Genderfluid,248.49.153.140
292,Gerry,Skirrow,gskirrow83@google.nl,Male,254.149.219.189
293,Eustace,Radolf,eradolf84@domainmarket.com,Polygender,53.173.132.139
294,Lorri,Bulley,lbulley85@nature.com,Genderqueer,56.240.198.188
295,Ardelle,Schelle,aschelle86@sourceforge.net,Female,222.19.86.204
296,Ozzie,Morteo,omorteo87@wired.com,Genderfluid,110.10.67.226
297,Ashla,Edgeler,aedgeler88@opera.com,Female,123.185.216.219
298,Lion,Jouanet,ljouanet89@virginia.edu,Male,121.146.156.181
299,Hervey,Scone,hscone8a@npr.org,Male,15.125.12.44
300,Sky,Hartup,shartup8b@exblog.jp,Bigender,156.116.150.13
301,Lolita,Wassung,lwassung8c@nhs.uk,Genderqueer,181.144.157.19
302,Wayland,Nary,wnary8d@marketwatch.com,Bigender,121.14.206.227
303,Dotty,Ech,dech8e@slideshare.net,Genderqueer,210.31.102.89
304,Odilia,McCarron,omccarron8f@php.net,Genderqueer,152.239.12.248
305,Jamil,Muino,jmuino8g@jigsy.com,Genderqueer,95.68.221.49
306,Nichols,Newlands,nnewlands8h@xrea.com,Polygender,63.83.169.180
307,Natty,Schubart,nschubart8i@twitpic.com,Male,102.130.96.104
308,Flory,Bolmann,fbolmann8j@telegraph.co.uk,Female,185.205.142.224
309,Tucky,Brilon,tbrilon8k@de.vu,Male,217.226.143.84
310,Clerkclaude,Lackeye,clackeye8l@irs.gov,Bigender,164.192.183.144
311,Kerrill,Holson,kholson8m@weebly.com,Polygender,149.226.215.17
312,Dene,Glison,dglison8n@skyrock.com,Female,127.141.80.222
313,Elayne,Straine,estraine8o@shareasale.com,Bigender,228.106.160.146
314,Rubetta,Winyard,rwinyard8p@latimes.com,Male,68.123.39.67
315,Gardie,Kerswell,gkerswell8q@studiopress.com,Female,75.97.107.17
316,Lainey,Marshalleck,lmarshalleck8r@vkontakte.ru,Bigender,242.128.132.143
317,Sarena,Lampet,slampet8s@technorati.com,Agender,150.109.243.75
318,Matthaeus,Myford,mmyford8t@cnbc.com,Non-binary,157.11.44.91
319,Rubie,Whapples,rwhapples8u@webs.com,Female,191.147.54.13
320,Fredra,Crix,fcrix8v@furl.net,Polygender,78.105.125.24
321,Arabella,Stutt,astutt8w@msu.edu,Female,97.63.8.44
322,Ameline,Rylstone,arylstone8x@soup.io,Bigender,52.245.171.92
323,Darwin,Limerick,dlimerick8y@unc.edu,Agender,115.15.52.15
324,Fairfax,Stockau,fstockau8z@tumblr.com,Genderqueer,177.21.61.218
325,Rudolfo,Jakubovics,rjakubovics90@cnbc.com,Genderqueer,1.95.234.120
326,Kaye,Neathway,kneathway91@jalbum.net,Genderqueer,221.124.125.247
327,Quintana,Faccini,qfaccini92@e-recht24.de,Bigender,47.32.84.153
328,Trumann,Amery,tamery93@cargocollective.com,Polygender,253.125.89.215
329,Silas,Garnsworthy,sgarnsworthy94@washington.edu,Non-binary,121.188.192.41
330,Noella,Gavigan,ngavigan95@prnewswire.com,Genderfluid,66.27.82.136
331,Rowe,Gianninotti,rgianninotti96@umn.edu,Bigender,246.102.42.35
332,Mora,Derrett,mderrett97@dailymail.co.uk,Genderfluid,88.66.182.73
333,Arlen,Walkingshaw,awalkingshaw98@hostgator.com,Genderqueer,107.58.29.247
334,Rosemary,Strethill,rstrethill99@histats.com,Bigender,81.233.23.150
335,Ky,Reynoldson,kreynoldson9a@usa.gov,Bigender,31.68.172.134
336,Gram,Cecchetelli,gcecchetelli9b@wikimedia.org,Genderqueer,156.178.183.206
337,Dion,Littledike,dlittledike9c@techcrunch.com,Polygender,251.250.190.249
338,Marinna,Kevane,mkevane9d@nasa.gov,Female,137.56.67.59
339,Rasla,Guise,rguise9e@google.nl,Non-binary,80.42.18.196
340,Beatrice,Fishbourn,bfishbourn9f@ebay.co.uk,Polygender,149.127.83.199
341,Hilary,McLafferty,hmclafferty9g@taobao.com,Agender,66.47.81.29
342,Minette,Sidle,msidle9h@cargocollective.com,Genderqueer,26.129.129.30
343,Bronnie,Macilhench,bmacilhench9i@xinhuanet.com,Genderfluid,251.158.173.213
344,Horton,Stanistreet,hstanistreet9j@shop-pro.jp,Genderqueer,151.151.129.140
345,Torrance,Blakebrough,tblakebrough9k@tinyurl.com,Genderqueer,100.82.87.122
346,Jackquelin,Keener,jkeener9l@paypal.com,Genderfluid,56.152.186.47
347,Yolane,Evangelinos,yevangelinos9m@kickstarter.com,Polygender,13.191.13.224
348,Juliane,Butland,jbutland9n@cisco.com,Genderqueer,45.21.142.135
349,Culley,Standon,cstandon9o@amazonaws.com,Bigender,16.253.159.49
350,Dael,MacMichael,dmacmichael9p@comsenz.com,Polygender,205.224.171.104
351,Ranna,Gleeton,rgleeton9q@europa.eu,Female,104.21.112.16
352,Derrek,Lathan,dlathan9r@cyberchimps.com,Male,134.127.143.5
353,Jake,Wolton,jwolton9s@bloglovin.com,Genderfluid,81.42.187.222
354,Cullen,Macek,cmacek9t@e-recht24.de,Female,24.73.16.251
355,Siana,Dana,sdana9u@spotify.com,Non-binary,24.151.79.116
356,Jacintha,Barbery,jbarbery9v@myspace.com,Genderqueer,150.53.32.198
357,Jan,Bleaden,jbleaden9w@usnews.com,Polygender,9.199.8.177
358,Nappy,Najara,nnajara9x@elegantthemes.com,Genderqueer,252.108.249.76
359,Bevvy,Fardoe,bfardoe9y@ted.com,Bigender,92.163.19.255
360,Riccardo,MacNulty,rmacnulty9z@bloglovin.com,Genderfluid,47.39.32.194
361,Aurthur,Clows,aclowsa0@alibaba.com,Bigender,116.132.67.185
362,Glen,Ruffler,grufflera1@mtv.com,Female,119.92.178.47
363,Adolf,Hablet,ahableta2@baidu.com,Non-binary,21.88.178.108
364,Billi,Fidian,bfidiana3@wikispaces.com,Non-binary,69.58.34.25
365,Susan,Whoston,swhostona4@msn.com,Non-binary,245.230.213.226
366,Wynne,Teal,wteala5@upenn.edu,Bigender,112.200.242.10
367,Lazar,Kenworthey,lkenwortheya6@ucsd.edu,Male,17.168.160.240
368,Minda,Orable,morablea7@pagesperso-orange.fr,Male,51.126.232.122
369,Morgan,Prestidge,mprestidgea8@reference.com,Genderqueer,33.148.76.123
370,Ariadne,Pattington,apattingtona9@umn.edu,Non-binary,235.22.87.230
371,Jacinta,Hargreaves,jhargreavesaa@blogtalkradio.com,Genderqueer,108.190.61.86
372,Francois,Dedon,fdedonab@i2i.jp,Bigender,95.34.83.36
373,Benjy,Sasser,bsasserac@a8.net,Bigender,136.117.194.163
374,Daisie,Slane,dslanead@marriott.com,Male,229.206.109.106
375,Ede,Metzke,emetzkeae@vistaprint.com,Bigender,94.216.179.74
376,Celestina,Simcock,csimcockaf@nytimes.com,Polygender,126.152.209.154
377,Thomasa,Durston,tdurstonag@ebay.co.uk,Polygender,26.219.135.103
378,Daron,Macci,dmacciah@istockphoto.com,Bigender,70.64.87.69
379,Edee,Crimes,ecrimesai@hugedomains.com,Polygender,202.240.188.213
380,Kermie,Carillo,kcarilloaj@rakuten.co.jp,Female,167.193.128.74
381,Daron,Cottesford,dcottesfordak@nifty.com,Bigender,31.44.202.50
382,Crissie,Orpyne,corpyneal@bizjournals.com,Male,223.24.165.94
383,Annalise,Prettejohns,aprettejohnsam@cbc.ca,Female,76.252.84.215
384,Dody,McNeilley,dmcneilleyan@blogspot.com,Non-binary,80.35.141.53
385,Yelena,Braham,ybrahamao@meetup.com,Genderqueer,117.246.158.60
386,Shell,Hathway,shathwayap@yelp.com,Genderfluid,10.107.163.231
387,Kiley,Emblin,kemblinaq@google.nl,Male,158.66.74.40
388,Letitia,Quincey,lquinceyar@dion.ne.jp,Agender,7.206.169.177
389,Jacky,Brotherhed,jbrotherhedas@unblog.fr,Male,204.244.168.39
390,Allianora,Wylder,awylderat@meetup.com,Genderqueer,122.123.158.71
391,Dan,Ticic,dticicau@about.com,Non-binary,189.121.127.221
392,Chloe,McIlwraith,cmcilwraithav@hugedomains.com,Non-binary,166.38.204.166
393,Jessey,Piggen,jpiggenaw@buzzfeed.com,Non-binary,234.13.45.90
394,Moria,Westwick,mwestwickax@umich.edu,Bigender,248.100.139.144
395,Fulton,Connah,fconnahay@clickbank.net,Agender,7.15.229.140
396,Gavin,Copplestone,gcopplestoneaz@domainmarket.com,Genderfluid,109.11.41.188
397,Denver,Beining,dbeiningb0@imgur.com,Non-binary,217.121.184.102
398,Paige,Lumber,plumberb1@google.com.au,Agender,121.128.205.103
399,Wilfrid,Glassard,wglassardb2@hugedomains.com,Male,201.95.229.112
400,Kimmy,Bynold,kbynoldb3@miitbeian.gov.cn,Non-binary,59.191.145.198
401,Aubrie,Varney,avarneyb4@mayoclinic.com,Female,182.254.179.230
402,Vanessa,Finnan,vfinnanb5@goodreads.com,Male,252.151.206.158
403,Jandy,Vogeller,jvogellerb6@live.com,Bigender,69.27.213.92
404,Anita,Caney,acaneyb7@ycombinator.com,Polygender,183.236.54.247
405,Trudie,Chatres,tchatresb8@sohu.com,Genderqueer,222.181.195.58
406,Cordey,O'Riordan,coriordanb9@hibu.com,Bigender,102.58.213.181
407,Samaria,MacMenemy,smacmenemyba@latimes.com,Female,178.183.25.32
408,Helenelizabeth,Rosenthal,hrosenthalbb@noaa.gov,Genderfluid,61.85.101.200
409,Kin,Rilings,krilingsbc@youtube.com,Non-binary,90.164.42.160
410,Guillema,Flemyng,gflemyngbd@chicagotribune.com,Male,153.12.41.0
411,Brew,Ellerman,bellermanbe@ning.com,Female,106.15.152.115
412,Paco,Efford,peffordbf@unc.edu,Male,37.181.14.103
413,Kathryne,Pindred,kpindredbg@reference.com,Genderfluid,97.201.113.226
414,Job,Germain,jgermainbh@discovery.com,Female,73.11.198.184
415,Rupert,Bonwick,rbonwickbi@ftc.gov,Non-binary,110.33.145.31
416,Rab,Realff,rrealffbj@reference.com,Non-binary,101.65.182.105
417,Brantley,Branthwaite,bbranthwaitebk@ted.com,Bigender,71.112.49.11
418,Keely,Fishbie,kfishbiebl@wisc.edu,Polygender,28.193.58.69
419,Arlin,Baytrop,abaytropbm@mapy.cz,Male,206.166.187.251
420,Julio,Murrhaupt,jmurrhauptbn@pagesperso-orange.fr,Male,205.223.171.183
421,Shepperd,Webbe,swebbebo@lulu.com,Bigender,219.251.127.124
422,Whitby,Speer,wspeerbp@google.com.br,Female,156.3.127.110
423,Dorry,Sallings,dsallingsbq@nyu.edu,Bigender,63.82.38.38
424,Goraud,Buckleigh,gbuckleighbr@earthlink.net,Bigender,115.235.112.219
425,Effie,Lanning,elanningbs@lycos.com,Polygender,62.158.140.196
426,Ainsley,Gorgen,agorgenbt@ihg.com,Non-binary,76.40.41.159
427,Dewey,Bautiste,dbautistebu@weibo.com,Agender,57.72.102.215
428,Katerine,Clorley,kclorleybv@typepad.com,Genderfluid,136.176.156.235
429,Tommi,Goodman,tgoodmanbw@feedburner.com,Female,126.127.39.117
430,Marketa,Keenlyside,mkeenlysidebx@symantec.com,Genderfluid,219.81.175.30
431,Farr,Hiorn,fhiornby@patch.com,Agender,46.157.201.52
432,Rhea,Magog,rmagogbz@shareasale.com,Non-binary,161.54.81.250
433,Ed,Dignam,edignamc0@icq.com,Non-binary,3.173.241.33
434,Lyda,Teall,lteallc1@discuz.net,Agender,255.170.106.231
435,Lark,Coundley,lcoundleyc2@free.fr,Genderfluid,113.168.159.75
436,Arlana,Creasy,acreasyc3@google.cn,Non-binary,206.157.173.32
437,Alina,Brotherhed,abrotherhedc4@hc360.com,Agender,222.83.218.116
438,Rand,Bound,rboundc5@ucoz.com,Non-binary,183.53.21.118
439,Delcina,June,djunec6@livejournal.com,Non-binary,45.83.48.97
440,Belita,Sarfatti,bsarfattic7@is.gd,Genderfluid,131.142.145.130
441,Dorree,Tubb,dtubbc8@alexa.com,Bigender,91.37.118.249
442,Celia,Oakey,coakeyc9@buzzfeed.com,Non-binary,247.169.216.66
443,Lorens,Rosbottom,lrosbottomca@independent.co.uk,Genderfluid,253.76.12.57
444,Johnathan,Klebes,jklebescb@diigo.com,Polygender,193.4.139.71
445,Bartolomeo,Wherton,bwhertoncc@comsenz.com,Agender,241.23.137.2
446,Mirna,Switsur,mswitsurcd@nasa.gov,Genderqueer,16.20.12.128
447,Keenan,Pagon,kpagonce@squidoo.com,Agender,248.239.196.161
448,Cassaundra,Cardenoza,ccardenozacf@webs.com,Male,89.70.154.44
449,Berkly,Titmarsh,btitmarshcg@1und1.de,Non-binary,143.143.218.185
450,Cinderella,Matuszkiewicz,cmatuszkiewiczch@list-manage.com,Non-binary,72.24.225.215
451,Linc,Hurnell,lhurnellci@sakura.ne.jp,Non-binary,206.150.145.30
452,Wilhelmine,Cubbini,wcubbinicj@weebly.com,Genderfluid,114.128.191.76
453,Allin,McGeoch,amcgeochck@cdbaby.com,Polygender,134.80.160.81
454,Keenan,Willshaw,kwillshawcl@miibeian.gov.cn,Polygender,6.181.177.38
455,Lurlene,Jendrach,ljendrachcm@free.fr,Polygender,89.57.216.177
456,Farrell,O'Halloran,fohallorancn@theatlantic.com,Non-binary,129.26.157.26
457,Terri,Werrilow,twerrilowco@tmall.com,Female,81.241.115.54
458,Correna,Duffil,cduffilcp@nydailynews.com,Female,227.191.240.105
459,Athena,Selwyn,aselwyncq@barnesandnoble.com,Polygender,212.137.248.224
460,Edwina,Fridlington,efridlingtoncr@guardian.co.uk,Bigender,172.35.119.26
461,Paton,Hinchon,phinchoncs@nih.gov,Male,159.197.12.159
462,Codee,Northeast,cnortheastct@fda.gov,Bigender,31.212.131.8
463,Gerik,Irnys,girnyscu@de.vu,Male,213.139.38.76
464,Trudi,Torresi,ttorresicv@dyndns.org,Non-binary,179.164.151.127
465,Wyn,McMickan,wmcmickancw@trellian.com,Bigender,231.106.23.222
466,Lanna,Imrie,limriecx@histats.com,Genderqueer,123.223.60.93
467,Riane,Stelli,rstellicy@ucoz.com,Male,10.91.64.104
468,Elsey,Yanele,eyanelecz@youtu.be,Polygender,89.213.220.93
469,Karyl,Rothwell,krothwelld0@shinystat.com,Genderfluid,147.170.93.89
470,Layton,Poulson,lpoulsond1@hubpages.com,Genderfluid,172.49.241.85
471,Lynna,Chessel,lchesseld2@businessinsider.com,Bigender,207.215.20.168
472,Layne,Burkhill,lburkhilld3@phpbb.com,Genderqueer,146.175.93.126
473,Una,Cupitt,ucupittd4@dot.gov,Male,149.96.226.243
474,Iggie,Lodewick,ilodewickd5@sina.com.cn,Agender,218.227.126.253
475,Gayler,Whicher,gwhicherd6@lycos.com,Bigender,39.241.80.112
476,Tabitha,Slyde,tslyded7@ihg.com,Male,206.80.241.166
477,Alexis,Eakle,aeakled8@msn.com,Polygender,171.88.162.179
478,Caddric,Foss,cfossd9@canalblog.com,Male,253.19.64.101
479,Giffie,McTrustie,gmctrustieda@cocolog-nifty.com,Non-binary,226.81.190.110
480,Wren,Edmonson,wedmonsondb@imgur.com,Polygender,166.30.176.4
481,Daryn,Woodings,dwoodingsdc@intel.com,Agender,138.147.76.10
482,Aveline,Brabyn,abrabyndd@deviantart.com,Polygender,80.147.186.178
483,Marve,Pieterick,mpieterickde@simplemachines.org,Non-binary,200.240.14.78
484,Myrle,Pawfoot,mpawfootdf@nyu.edu,Non-binary,38.72.122.141
485,Fredrick,Mowling,fmowlingdg@jiathis.com,Female,20.223.4.105
486,Reggy,Rodenborch,rrodenborchdh@github.com,Male,48.126.132.187
487,Clarine,McGibbon,cmcgibbondi@tumblr.com,Non-binary,68.44.239.116
488,Kamillah,Waller,kwallerdj@marriott.com,Bigender,254.124.1.239
489,Analiese,Wackly,awacklydk@joomla.org,Female,141.249.224.17
490,Phillipe,Palatini,ppalatinidl@xing.com,Polygender,246.238.240.248
491,Amberly,Sirette,asirettedm@liveinternet.ru,Genderqueer,202.84.50.116
492,Shea,Gorsse,sgorssedn@nature.com,Non-binary,199.72.44.30
493,Carlynne,Tripp,ctrippdo@dot.gov,Non-binary,32.214.18.105
494,Karlens,Enderlein,kenderleindp@reuters.com,Male,179.73.171.36
495,Hewett,Gosneye,hgosneyedq@elpais.com,Female,182.243.69.228
496,Worthington,Bamford,wbamforddr@ustream.tv,Agender,82.147.138.171
497,Dieter,Vaszoly,dvaszolyds@w3.org,Genderfluid,27.209.116.170
498,Verla,Van den Velden,vvandenveldendt@nyu.edu,Agender,54.70.80.178
499,Penny,Keat,pkeatdu@cbsnews.com,Female,61.74.138.165
500,Alec,Quilligan,aquilligandv@goodreads.com,Male,26.125.94.104
501,Barbaraanne,Mathelon,bmathelondw@youku.com,Non-binary,91.162.249.27
502,Lemar,Powrie,lpowriedx@google.com.au,Non-binary,86.79.239.72
503,Karon,Tribbeck,ktribbeckdy@howstuffworks.com,Polygender,65.31.168.32
504,Griz,Pirri,gpirridz@taobao.com,Male,199.40.239.94
505,Carolynn,Gwinnett,cgwinnette0@about.com,Male,48.209.252.246
506,Ailis,Stonuary,astonuarye1@geocities.com,Non-binary,176.223.102.87
507,Fulvia,Thormwell,fthormwelle2@blogtalkradio.com,Non-binary,204.18.40.154
508,Jade,Prestidge,jprestidgee3@cbc.ca,Polygender,99.163.217.248
509,Baldwin,Ellyatt,bellyatte4@trellian.com,Genderfluid,80.233.46.129
510,Wallie,Lauga,wlaugae5@psu.edu,Female,147.27.139.119
511,Skell,Harwin,sharwine6@telegraph.co.uk,Non-binary,74.183.32.72
512,Fernande,O'Drought,fodroughte7@miitbeian.gov.cn,Bigender,40.4.216.238
513,Benny,Sparham,bsparhame8@google.com.br,Bigender,67.143.146.211
514,Emmy,Kendal,ekendale9@printfriendly.com,Non-binary,56.134.133.240
515,Alastair,Tiler,atilerea@europa.eu,Polygender,130.11.75.27
516,Paulina,Josh,pjosheb@smugmug.com,Polygender,110.214.2.245
517,Bryana,Aberdein,baberdeinec@sun.com,Polygender,50.114.145.239
518,Lorne,Camous,lcamoused@angelfire.com,Male,115.139.11.62
519,Cobbie,Gammell,cgammellee@ifeng.com,Non-binary,131.177.11.154
520,Merna,Bielefeld,mbielefeldef@youtube.com,Genderqueer,232.39.125.238
521,Cherianne,Bryde,cbrydeeg@fema.gov,Agender,3.21.191.1
522,Dee,Berecloth,dbereclotheh@google.com.au,Genderfluid,113.14.223.78
523,Peggy,Andri,pandriei@unicef.org,Bigender,58.197.33.174
524,Kyle,Matchitt,kmatchittej@state.gov,Female,60.88.76.40
525,Ford,Truran,ftruranek@comsenz.com,Male,142.148.193.140
526,Bendite,Hadwick,bhadwickel@gmpg.org,Bigender,73.61.181.123
527,Royce,Braysher,rbraysherem@edublogs.org,Male,103.137.188.245
528,Doria,Adnett,dadnetten@posterous.com,Female,161.115.26.218
529,Abigael,Rutherfoord,arutherfoordeo@ftc.gov,Polygender,77.64.23.160
530,Sean,Lineker,slinekerep@weather.com,Male,232.152.66.112
531,Thalia,Heyns,theynseq@diigo.com,Polygender,62.47.209.56
532,Abba,Duligall,aduligaller@oracle.com,Polygender,68.23.61.78
533,Saw,Scranedge,sscranedgees@altervista.org,Genderqueer,71.218.252.46
534,Layne,Wackley,lwackleyet@liveinternet.ru,Non-binary,77.154.208.69
535,Lilla,Blakiston,lblakistoneu@illinois.edu,Genderfluid,14.22.162.176
536,Joellyn,Readman,jreadmanev@hhs.gov,Bigender,92.97.222.78
537,Derward,Bursnall,dbursnallew@imdb.com,Genderfluid,220.239.67.155
538,Charmine,Branchet,cbranchetex@pinterest.com,Male,182.248.47.75
539,Neddy,Twatt,ntwattey@sbwire.com,Female,176.180.101.60
540,Nisse,Kops,nkopsez@nsw.gov.au,Male,218.204.103.205
541,Vevay,Spillard,vspillardf0@wisc.edu,Agender,200.17.254.170
542,Katine,Balme,kbalmef1@usnews.com,Genderfluid,158.42.199.131
543,Livvy,Farnorth,lfarnorthf2@sohu.com,Bigender,155.29.181.246
544,Donavon,Cocker,dcockerf3@deviantart.com,Genderqueer,93.181.74.104
545,Emmie,Piffe,epiffef4@google.com,Male,201.144.183.65
546,Germain,Denzey,gdenzeyf5@dyndns.org,Polygender,1.90.35.44
547,Diahann,Kunes,dkunesf6@is.gd,Genderfluid,193.12.133.11
548,Kessia,Muddle,kmuddlef7@cbslocal.com,Bigender,179.37.170.250
549,Haywood,McNickle,hmcnicklef8@geocities.jp,Agender,171.36.113.107
550,Ethelbert,Athelstan,eathelstanf9@smugmug.com,Genderfluid,159.78.116.223
551,Page,Baldocci,pbaldoccifa@unc.edu,Non-binary,122.158.228.140
552,Harriett,Kidder,hkidderfb@netscape.com,Genderqueer,189.132.25.101
553,Clemence,Grasha,cgrashafc@paginegialle.it,Genderqueer,29.77.245.248
554,Ragnar,Claricoats,rclaricoatsfd@dagondesign.com,Non-binary,218.166.234.222
555,Barnabas,Ketteringham,bketteringhamfe@amazonaws.com,Genderqueer,212.144.91.171
556,Benoite,Hartford,bhartfordff@wordpress.com,Male,233.166.133.90
557,Aggie,Rulton,arultonfg@time.com,Genderqueer,188.93.9.53
558,Concordia,Dougal,cdougalfh@themeforest.net,Non-binary,147.4.111.54
559,Antonino,McMillian,amcmillianfi@google.it,Bigender,102.78.219.215
560,Torin,Stobbe,tstobbefj@guardian.co.uk,Male,123.54.191.128
561,Brandie,Keune,bkeunefk@friendfeed.com,Female,193.18.149.6
562,Maddie,Cicconetti,mcicconettifl@yale.edu,Non-binary,235.20.218.132
563,Tadio,Seagrave,tseagravefm@patch.com,Genderqueer,96.59.213.23
564,Waiter,McGillacoell,wmcgillacoellfn@cdc.gov,Male,157.203.111.9
565,Kim,Samsin,ksamsinfo@irs.gov,Non-binary,10.63.77.19
566,Janis,Macer,jmacerfp@forbes.com,Bigender,237.246.236.69
567,Veriee,Genn,vgennfq@amazon.com,Female,196.138.225.188
568,Antonie,Broke,abrokefr@networksolutions.com,Polygender,11.48.101.170
569,Agretha,Gherardesci,agherardescifs@sciencedirect.com,Male,221.228.116.13
570,Gunner,Cantle,gcantleft@theglobeandmail.com,Polygender,160.130.183.203
571,Danya,Gaitskill,dgaitskillfu@mac.com,Bigender,202.200.201.245
572,Wilmer,Solesbury,wsolesburyfv@oracle.com,Genderfluid,74.235.66.19
573,Alec,Bahlmann,abahlmannfw@t-online.de,Bigender,81.89.218.249
574,Evelyn,Lawther,elawtherfx@mtv.com,Male,168.61.209.136
575,Archibold,Worboys,aworboysfy@themeforest.net,Non-binary,185.112.66.252
576,Tonya,Karlmann,tkarlmannfz@craigslist.org,Female,119.67.234.0
577,Ulises,Dreng,udrengg0@icio.us,Bigender,70.5.86.196
578,Trudey,Standfield,tstandfieldg1@deviantart.com,Agender,225.112.80.158
579,Arte,Tremonte,atremonteg2@furl.net,Genderqueer,181.209.88.161
580,Tudor,Passey,tpasseyg3@amazon.com,Female,1.3.28.168
581,Stern,Epsly,sepslyg4@prlog.org,Male,117.16.148.242
582,Kip,Oakinfold,koakinfoldg5@redcross.org,Non-binary,189.206.249.145
583,Johann,Hibling,jhiblingg6@wordpress.com,Male,61.61.40.61
584,Maxy,Leaves,mleavesg7@auda.org.au,Bigender,207.130.137.54
585,Marie-ann,Schaffler,mschafflerg8@sun.com,Agender,90.25.37.147
586,Moshe,Janman,mjanmang9@mlb.com,Polygender,192.124.73.184
587,Claudelle,Sorey,csoreyga@redcross.org,Bigender,16.153.99.86
588,Hadley,Haquin,hhaquingb@arstechnica.com,Polygender,246.62.87.121
589,Marcel,Cowdray,mcowdraygc@mac.com,Genderqueer,13.23.236.87
590,Rorie,Fairholme,rfairholmegd@bizjournals.com,Polygender,63.10.208.93
591,Rosalia,Cassam,rcassamge@fema.gov,Bigender,32.21.193.19
592,Creight,Leahey,cleaheygf@kickstarter.com,Genderfluid,116.41.167.105
593,Chen,Pavlasek,cpavlasekgg@census.gov,Non-binary,222.157.211.9
594,Fedora,Trembey,ftrembeygh@furl.net,Bigender,161.9.176.89
595,Karole,Bellee,kbelleegi@twitter.com,Non-binary,164.132.236.58
596,Cayla,Benley,cbenleygj@lycos.com,Female,38.217.8.215
597,Norrie,Radenhurst,nradenhurstgk@timesonline.co.uk,Genderqueer,148.44.219.130
598,Ichabod,Preuvost,ipreuvostgl@nsw.gov.au,Polygender,42.138.181.246
599,Janeen,Ruppertz,jruppertzgm@archive.org,Male,16.151.127.146
600,Carlotta,Michurin,cmichuringn@mtv.com,Non-binary,168.32.238.210
601,Carena,Crottagh,ccrottaghgo@desdev.cn,Genderfluid,82.58.145.99
602,Giustino,Greenlees,ggreenleesgp@linkedin.com,Male,58.117.60.167
603,Nye,Cremin,ncremingq@domainmarket.com,Male,238.76.60.236
604,Charmian,Tebbet,ctebbetgr@cocolog-nifty.com,Polygender,14.92.113.73
605,Martainn,Lutman,mlutmangs@sfgate.com,Agender,75.76.98.12
606,Rosalie,Bonnesen,rbonnesengt@wunderground.com,Male,55.164.133.53
607,Parke,Remington,premingtongu@hostgator.com,Polygender,0.224.75.102
608,Dudley,Lovegrove,dlovegrovegv@telegraph.co.uk,Female,34.122.90.34
609,Cammie,Heaffey,cheaffeygw@sun.com,Female,253.27.141.62
610,Bobina,Evett,bevettgx@youtube.com,Genderqueer,244.148.8.144
611,Eziechiele,Odams,eodamsgy@washington.edu,Bigender,101.229.219.94
612,Dugald,Got,dgotgz@symantec.com,Bigender,248.124.163.205
613,Janene,Sibbet,jsibbeth0@multiply.com,Bigender,177.70.194.24
614,Vernen,Press,vpressh1@php.net,Non-binary,206.50.140.238
615,Elston,Balazs,ebalazsh2@bandcamp.com,Genderfluid,70.73.212.144
616,Holt,Lavery,hlaveryh3@geocities.com,Polygender,117.88.156.63
617,Hamnet,Harce,hharceh4@phoca.cz,Agender,234.16.98.6
618,Percival,Haukey,phaukeyh5@examiner.com,Female,32.125.122.99
619,Roxanne,Andersen,randersenh6@house.gov,Genderqueer,151.131.195.124
620,Joyan,Mossbee,jmossbeeh7@pinterest.com,Male,125.66.200.62
621,Budd,Nightingale,bnightingaleh8@hc360.com,Non-binary,152.107.28.195
622,Kenny,Luckett,klucketth9@dailymail.co.uk,Genderqueer,177.205.137.88
623,Trefor,Heindrick,theindrickha@tumblr.com,Genderqueer,223.221.30.141
624,Nikki,Mulliss,nmullisshb@networkadvertising.org,Polygender,7.88.20.45
625,Juana,Allebone,jallebonehc@ow.ly,Polygender,192.171.205.156
626,Gasper,Gyppes,ggyppeshd@cmu.edu,Male,217.212.6.131
627,Andrei,Kording,akordinghe@forbes.com,Polygender,254.137.165.155
628,Binni,De Mitris,bdemitrishf@odnoklassniki.ru,Agender,227.54.92.190
629,Brandtr,Mathissen,bmathissenhg@mysql.com,Genderqueer,181.92.17.145
630,Cale,Crossan,ccrossanhh@friendfeed.com,Female,254.207.148.218
631,Binny,Partner,bpartnerhi@hexun.com,Agender,81.184.56.8
632,Therine,Hayden,thaydenhj@topsy.com,Bigender,231.67.231.71
633,Ches,Mahon,cmahonhk@scientificamerican.com,Bigender,165.1.161.67
634,Neill,Swannell,nswannellhl@wired.com,Male,169.77.113.58
635,Pavla,Arboin,parboinhm@home.pl,Bigender,141.148.20.112
636,Sephira,Barrus,sbarrushn@howstuffworks.com,Female,133.126.2.171
637,Joeann,Allbut,jallbutho@sciencedaily.com,Polygender,245.29.207.41
638,Libbi,Gulley,lgulleyhp@archive.org,Bigender,197.36.130.101
639,Tracey,Gooda,tgoodahq@gnu.org,Non-binary,213.54.51.218
640,Garrett,Fenn,gfennhr@aboutads.info,Bigender,100.37.5.70
641,Mirabel,Derisly,mderislyhs@sciencedaily.com,Genderqueer,3.51.145.166
642,Rosabella,Allabarton,rallabartonht@joomla.org,Agender,118.168.8.159
643,Honey,Loweth,hlowethhu@ihg.com,Agender,144.254.65.243
644,Beverley,McAree,bmcareehv@timesonline.co.uk,Non-binary,225.222.128.190
645,Lorelei,Fakes,lfakeshw@smh.com.au,Female,142.20.94.96
646,Evvie,Breitling,ebreitlinghx@seattletimes.com,Non-binary,95.85.143.59
647,Birgit,Waddilow,bwaddilowhy@google.com.br,Genderfluid,171.201.218.7
648,Amity,Lensch,alenschhz@behance.net,Polygender,39.142.177.220
649,Else,Wressell,ewresselli0@illinois.edu,Bigender,49.14.79.16
650,Britney,Wrightim,bwrightimi1@yahoo.co.jp,Non-binary,237.247.58.54
651,Wait,Cuncarr,wcuncarri2@friendfeed.com,Agender,34.186.211.103
652,Chev,Rainville,crainvillei3@skyrock.com,Genderqueer,1.61.76.159
653,Kean,Broun,kbrouni4@creativecommons.org,Male,27.40.108.153
654,Alison,Dalliwater,adalliwateri5@smh.com.au,Agender,101.135.85.107
655,Jaynell,Arboine,jarboinei6@omniture.com,Agender,223.235.138.219
656,Rochette,Maestro,rmaestroi7@paypal.com,Polygender,18.147.119.10
657,Maryellen,Harber,mharberi8@blinklist.com,Genderqueer,111.141.150.44
658,Gerek,Ackwood,gackwoodi9@mozilla.org,Polygender,178.228.18.152
659,Luigi,Trunby,ltrunbyia@yolasite.com,Non-binary,243.196.60.177
660,Gery,Tortice,gtorticeib@github.com,Non-binary,35.15.167.215
661,Marlene,Mournian,mmournianic@time.com,Male,136.30.250.220
662,Chandra,Stote,cstoteid@drupal.org,Genderqueer,116.223.235.17
663,Yetta,Becconsall,ybecconsallie@irs.gov,Male,137.127.240.1
664,Idaline,Coomes,icoomesif@skyrock.com,Agender,5.70.141.4
665,Mina,Sturzaker,msturzakerig@dedecms.com,Genderqueer,61.5.28.82
666,Katrinka,Sachno,ksachnoih@nydailynews.com,Polygender,77.118.199.158
667,Horten,Chellenham,hchellenhamii@epa.gov,Polygender,200.110.232.132
668,Jodie,Mold,jmoldij@virginia.edu,Genderqueer,49.241.192.198
669,Sig,Poynton,spoyntonik@virginia.edu,Female,122.232.159.149
670,Gregoire,Downey,gdowneyil@unicef.org,Female,241.172.91.55
671,Rollie,Pedlar,rpedlarim@berkeley.edu,Bigender,84.207.78.69
672,Owen,Gaskal,ogaskalin@devhub.com,Polygender,42.17.191.250
673,Ford,Bearn,fbearnio@dailymail.co.uk,Non-binary,112.33.59.240
674,Warner,Abden,wabdenip@answers.com,Genderqueer,88.42.31.7
675,Magdalena,Rouzet,mrouzetiq@quantcast.com,Genderqueer,101.244.223.106
676,Bendicty,Kunzel,bkunzelir@dell.com,Polygender,223.123.195.145
677,Rubie,Emmanuel,remmanuelis@deviantart.com,Bigender,22.212.44.129
678,Dianne,Wagon,dwagonit@google.ru,Genderqueer,23.64.200.182
679,Daisey,Janaszkiewicz,djanaszkiewicziu@sohu.com,Genderfluid,82.229.120.105
680,Kane,Loncaster,kloncasteriv@netscape.com,Genderqueer,13.229.118.38
681,Sasha,Darnody,sdarnodyiw@bloglovin.com,Female,233.74.10.250
682,Brina,Laurentin,blaurentinix@webeden.co.uk,Bigender,77.46.62.239
683,Giorgi,Ebbin,gebbiniy@dmoz.org,Genderfluid,194.253.190.41
684,Carmen,Dreossi,cdreossiiz@people.com.cn,Polygender,22.112.18.30
685,Derek,Danskine,ddanskinej0@skyrock.com,Polygender,32.67.30.95
686,Nita,Slatter,nslatterj1@liveinternet.ru,Genderfluid,99.159.109.111
687,Darnall,Bleythin,dbleythinj2@mtv.com,Bigender,206.173.37.47
688,Worth,Berlin,wberlinj3@drupal.org,Female,132.81.112.47
689,Darnall,Pacht,dpachtj4@hibu.com,Non-binary,34.174.171.140
690,Clemence,O'Lennachain,colennachainj5@google.pl,Male,179.73.132.250
691,Kienan,Lawrence,klawrencej6@dion.ne.jp,Polygender,197.92.115.59
692,Vikky,Chesney,vchesneyj7@smh.com.au,Female,117.137.197.214
693,Florie,Driffill,fdriffillj8@acquirethisname.com,Genderfluid,248.250.180.204
694,Lorie,Wasmuth,lwasmuthj9@cisco.com,Male,50.51.240.175
695,Antonia,Whinney,awhinneyja@dropbox.com,Non-binary,237.117.232.25
696,Idelle,Bilbee,ibilbeejb@seattletimes.com,Bigender,140.115.116.248
697,Dedra,Rodenburgh,drodenburghjc@aol.com,Genderqueer,19.162.141.228
698,Nikaniki,Gieves,ngievesjd@census.gov,Non-binary,153.136.102.184
699,Bentley,MacCafferky,bmaccafferkyje@cam.ac.uk,Female,56.189.5.183
700,Nadine,Gentle,ngentlejf@imageshack.us,Genderfluid,167.225.102.136
701,Gustave,Hatley,ghatleyjg@umich.edu,Agender,162.236.18.125
702,Anatola,Edeson,aedesonjh@twitpic.com,Polygender,218.52.125.55
703,Quintin,Mundall,qmundallji@drupal.org,Polygender,45.7.6.75
704,Wallie,Willingam,wwillingamjj@squarespace.com,Genderqueer,128.137.21.197
705,Waylon,Ritch,writchjk@samsung.com,Non-binary,29.8.188.134
706,Nobe,Rysom,nrysomjl@webnode.com,Genderfluid,14.231.160.72
707,Gratiana,Brandon,gbrandonjm@moonfruit.com,Female,37.191.52.254
708,Marchelle,Dalla,mdallajn@elegantthemes.com,Polygender,39.63.190.75
709,Ephrayim,McAllester,emcallesterjo@whitehouse.gov,Agender,98.223.14.108
710,Mordecai,Honeywood,mhoneywoodjp@wix.com,Polygender,74.145.221.221
711,Sylas,Bowdler,sbowdlerjq@miibeian.gov.cn,Non-binary,242.61.198.163
712,Bobbette,Coleson,bcolesonjr@t.co,Non-binary,67.174.64.120
713,Genia,Gomersall,ggomersalljs@tinyurl.com,Bigender,27.124.42.224
714,Simonette,Eddisforth,seddisforthjt@free.fr,Bigender,81.224.194.115
715,Melodie,Cavanagh,mcavanaghju@cdc.gov,Bigender,60.126.241.217
716,Amble,Robertazzi,arobertazzijv@goodreads.com,Female,224.181.37.65
717,Raven,Gidman,rgidmanjw@hao123.com,Polygender,150.11.37.31
718,Atalanta,Levermore,alevermorejx@rambler.ru,Polygender,141.114.155.139
719,Alex,Childs,achildsjy@ted.com,Genderfluid,35.111.169.254
720,Munroe,Hammerman,mhammermanjz@icio.us,Genderqueer,1.46.156.145
721,Jay,Gasticke,jgastickek0@fastcompany.com,Non-binary,179.18.194.42
722,Guglielma,Halden,ghaldenk1@disqus.com,Genderqueer,106.34.136.111
723,Angelita,Moorrud,amoorrudk2@accuweather.com,Agender,249.15.162.50
724,Whitby,Duigenan,wduigenank3@hp.com,Bigender,192.243.177.216
725,Chrysler,Tague,ctaguek4@noaa.gov,Bigender,193.78.196.173
726,Cori,Howerd,chowerdk5@tamu.edu,Bigender,84.179.167.173
727,Nev,Bowry,nbowryk6@technorati.com,Agender,16.235.108.228
728,Misty,Favel,mfavelk7@si.edu,Genderqueer,240.57.218.165
729,Allan,Logg,aloggk8@addthis.com,Non-binary,254.160.183.189
730,Rollins,Hannibal,rhannibalk9@qq.com,Genderqueer,10.21.3.60
731,Dorelle,Deplacido,ddeplacidoka@shinystat.com,Female,2.100.116.209
732,Olav,Massie,omassiekb@hugedomains.com,Agender,183.166.236.223
733,Sander,Dixcey,sdixceykc@timesonline.co.uk,Polygender,151.112.236.40
734,Persis,Strother,pstrotherkd@edublogs.org,Female,209.216.253.195
735,Madelena,Semered,msemeredke@wsj.com,Bigender,107.65.84.195
736,Donn,Stidson,dstidsonkf@hhs.gov,Genderqueer,2.73.211.82
737,Cindy,Sarrell,csarrellkg@ca.gov,Male,102.64.230.81
738,Teodoor,Whatley,twhatleykh@google.pl,Agender,193.58.194.110
739,Sven,Tungay,stungayki@state.tx.us,Non-binary,126.90.211.226
740,Hakeem,Vondracek,hvondracekkj@eepurl.com,Genderqueer,77.153.70.206
741,Oren,Meier,omeierkk@imageshack.us,Bigender,112.148.62.184
742,Tobe,McCaughan,tmccaughankl@indiegogo.com,Agender,77.203.235.160
743,Tildi,Rallinshaw,trallinshawkm@goo.ne.jp,Genderqueer,174.231.37.216
744,Beryl,Forlonge,bforlongekn@reuters.com,Female,159.225.197.80
745,Amabel,Atherton,aathertonko@mail.ru,Female,163.22.19.139
746,Jeniffer,Marshall,jmarshallkp@wordpress.com,Male,243.42.111.163
747,Lauritz,Stennet,lstennetkq@fastcompany.com,Polygender,199.209.241.223
748,Maurine,Summerfield,msummerfieldkr@wikimedia.org,Bigender,206.23.25.146
749,Waneta,Rann,wrannks@baidu.com,Agender,122.168.203.1
750,Kliment,Callicott,kcallicottkt@economist.com,Genderfluid,25.28.84.6
751,Kirsti,Frango,kfrangoku@ucoz.ru,Bigender,227.172.97.30
752,Borden,Yearne,byearnekv@oracle.com,Genderfluid,92.44.214.32
753,Corette,Paolucci,cpaoluccikw@aboutads.info,Bigender,144.131.23.86
754,Tad,Blacket,tblacketkx@github.io,Genderqueer,158.40.94.194
755,Ludwig,Ruprich,lruprichky@state.tx.us,Genderfluid,174.178.35.7
756,Blake,Murrison,bmurrisonkz@redcross.org,Bigender,228.93.186.122
757,Thia,Elves,telvesl0@acquirethisname.com,Genderfluid,27.25.159.2
758,Axel,Lissenden,alissendenl1@adobe.com,Bigender,95.20.156.148
759,Ashli,Whitaker,awhitakerl2@bravesites.com,Polygender,116.249.109.52
760,Loy,Piddlesden,lpiddlesdenl3@topsy.com,Genderfluid,127.104.74.94
761,Trever,Savoury,tsavouryl4@wikimedia.org,Female,170.84.190.140
762,Giacobo,Fretson,gfretsonl5@pcworld.com,Male,43.183.191.81
763,Ernst,Messam,emessaml6@sogou.com,Bigender,102.155.229.24
764,Brendon,Macquire,bmacquirel7@newsvine.com,Genderqueer,222.152.221.130
765,Elberta,Jesson,ejessonl8@ameblo.jp,Bigender,170.122.0.196
766,Jorry,Trevarthen,jtrevarthenl9@ted.com,Agender,63.225.191.237
767,Karney,Ryrie,kryriela@artisteer.com,Male,8.89.164.186
768,Roselle,Slaymaker,rslaymakerlb@adobe.com,Genderfluid,155.197.184.97
769,Albie,Hebson,ahebsonlc@youtu.be,Agender,146.157.214.74
770,Bobbi,Bubear,bbubearld@reddit.com,Genderfluid,119.254.237.215
771,Kerry,Maudling,kmaudlingle@webs.com,Genderfluid,108.214.150.119
772,Nolan,Trehearn,ntrehearnlf@disqus.com,Bigender,160.196.36.239
773,Loni,Alliberton,lallibertonlg@ask.com,Genderfluid,22.16.61.209
774,Chere,Itzcovich,citzcovichlh@omniture.com,Bigender,138.123.84.129
775,Howard,Jones,hjonesli@epa.gov,Male,109.46.87.242
776,Glory,Coghill,gcoghilllj@uiuc.edu,Female,99.137.138.131
777,Kelly,Holligan,kholliganlk@imageshack.us,Non-binary,141.33.101.87
778,Chad,Pallis,cpallisll@cornell.edu,Non-binary,73.112.152.148
779,Mada,O'Hengerty,mohengertylm@prweb.com,Agender,113.157.115.187
780,Merlina,Tolliday,mtollidayln@indiatimes.com,Male,232.90.182.150
781,Igor,MacColgan,imaccolganlo@reverbnation.com,Non-binary,4.231.120.22
782,Kelcey,Castillon,kcastillonlp@indiegogo.com,Non-binary,133.127.186.188
783,Othella,Beckinsale,obeckinsalelq@ocn.ne.jp,Female,93.235.224.233
784,Hedvig,Slinn,hslinnlr@squidoo.com,Non-binary,62.5.63.114
785,Brynne,Corless,bcorlessls@wunderground.com,Non-binary,210.4.4.119
786,Alikee,Accombe,aaccombelt@howstuffworks.com,Male,138.79.160.158
787,Zacharia,Di Franceshci,zdifranceshcilu@chronoengine.com,Male,170.81.28.34
788,Sauncho,Glide,sglidelv@feedburner.com,Agender,20.254.115.185
789,Suzanne,Clutterham,sclutterhamlw@archive.org,Agender,4.120.43.167
790,Lemmy,Osgordby,losgordbylx@fema.gov,Agender,252.155.109.176
791,Hank,Baldocci,hbaldoccily@about.com,Female,211.132.135.202
792,Lucina,Fowls,lfowlslz@tiny.cc,Genderqueer,43.122.212.83
793,Caterina,Tilzey,ctilzeym0@is.gd,Polygender,152.19.75.58
794,Alexandrina,Lincoln,alincolnm1@marriott.com,Female,168.200.138.222
795,Cybill,Parlor,cparlorm2@t.co,Female,229.130.209.14
796,Adelaide,Paszak,apaszakm3@joomla.org,Bigender,139.70.112.130
797,Fernanda,Hellmore,fhellmorem4@irs.gov,Female,38.249.135.6
798,Jayme,Talby,jtalbym5@aol.com,Male,29.75.198.129
799,Cornell,Killeen,ckilleenm6@godaddy.com,Polygender,30.88.67.183
800,Josepha,Hudspeth,jhudspethm7@meetup.com,Genderfluid,191.44.65.33
801,Charmion,Iacobetto,ciacobettom8@cyberchimps.com,Genderfluid,132.31.64.235
802,Imogen,Turvie,iturviem9@amazon.co.uk,Genderfluid,161.213.208.11
803,Eleanore,Higgen,ehiggenma@examiner.com,Agender,220.106.169.184
804,Candice,McOwan,cmcowanmb@wikipedia.org,Bigender,229.229.112.142
805,Danella,Coolahan,dcoolahanmc@newyorker.com,Genderfluid,209.98.115.210
806,Ray,Capron,rcapronmd@plala.or.jp,Agender,197.101.112.75
807,Jobina,Duthie,jduthieme@hubpages.com,Female,204.105.239.208
808,Emmalynn,Hortop,ehortopmf@meetup.com,Non-binary,63.97.94.229
809,Gayelord,Fake,gfakemg@joomla.org,Polygender,228.187.101.63
810,Vicky,Lundberg,vlundbergmh@odnoklassniki.ru,Polygender,205.235.171.173
811,Paulo,Covotti,pcovottimi@wikispaces.com,Female,187.213.173.86
812,Joye,Featherbie,jfeatherbiemj@examiner.com,Genderfluid,115.123.232.71
813,Yalonda,Purver,ypurvermk@psu.edu,Agender,174.176.96.78
814,Cassaundra,Lewens,clewensml@constantcontact.com,Agender,46.198.2.141
815,Hart,Issacson,hissacsonmm@istockphoto.com,Male,244.179.195.218
816,Sutherlan,Legister,slegistermn@is.gd,Polygender,42.208.168.200
817,Rosalinde,Dalgarnocht,rdalgarnochtmo@symantec.com,Genderqueer,121.128.78.140
818,Giuditta,Shakesby,gshakesbymp@hatena.ne.jp,Non-binary,247.43.70.176
819,Arvin,Hurburt,ahurburtmq@oaic.gov.au,Non-binary,164.147.237.14
820,Gram,Shier,gshiermr@csmonitor.com,Female,155.76.52.10
821,Stevana,Matthai,smatthaims@ca.gov,Polygender,93.94.124.112
822,Rube,Gully,rgullymt@163.com,Genderfluid,173.215.115.103
823,Daisy,Worlidge,dworlidgemu@google.es,Non-binary,28.39.150.90
824,Nesta,Graveston,ngravestonmv@rambler.ru,Bigender,60.88.119.242
825,Sherilyn,Inskipp,sinskippmw@whitehouse.gov,Female,106.180.244.35
826,Joni,Danshin,jdanshinmx@printfriendly.com,Genderfluid,204.234.236.230
827,Bay,Mac Geaney,bmacgeaneymy@nature.com,Genderfluid,127.113.249.101
828,Yale,Coath,ycoathmz@wikispaces.com,Bigender,143.187.94.174
829,Tabbatha,Melin,tmelinn0@house.gov,Genderqueer,140.34.110.199
830,Etan,Stancer,estancern1@sfgate.com,Male,235.243.195.212
831,Granville,Rainville,grainvillen2@over-blog.com,Bigender,236.42.238.82
832,Abran,Rodman,arodmann3@yale.edu,Non-binary,221.132.39.193
833,Aeriela,Lokier,alokiern4@macromedia.com,Female,216.10.255.241
834,Forbes,Bannester,fbannestern5@github.io,Genderfluid,103.247.0.6
835,Ana,Maharry,amaharryn6@prnewswire.com,Agender,215.150.189.139
836,Samuel,McPhillimey,smcphillimeyn7@barnesandnoble.com,Genderqueer,5.99.205.0
837,Cindee,Vicioso,cvicioson8@wikimedia.org,Genderfluid,60.3.22.64
838,Gardiner,McGrowther,gmcgrowthern9@people.com.cn,Genderqueer,27.248.100.252
839,Nadeen,Atterbury,natterburyna@livejournal.com,Female,204.242.255.240
840,Corny,Giddings,cgiddingsnb@list-manage.com,Female,243.33.25.8
841,Henderson,Eirwin,heirwinnc@creativecommons.org,Male,183.210.188.201
842,Sapphira,Mc Menamin,smcmenaminnd@goo.gl,Genderfluid,145.13.173.150
843,Thaddus,Cowton,tcowtonne@google.nl,Bigender,16.197.119.194
844,Ignacio,Deabill,ideabillnf@macromedia.com,Bigender,146.30.22.167
845,Rossie,Matevushev,rmatevushevng@a8.net,Genderqueer,33.139.143.55
846,Janis,Lant,jlantnh@tumblr.com,Polygender,78.196.40.129
847,Vanny,Lightwing,vlightwingni@netlog.com,Genderfluid,15.231.128.167
848,Penny,Healy,phealynj@cnet.com,Female,175.119.98.40
849,Meggie,Ludee,mludeenk@xinhuanet.com,Agender,54.21.88.231
850,Fleming,Lauga,flauganl@dyndns.org,Female,106.208.244.217
851,Elnora,Hawler,ehawlernm@xrea.com,Female,17.125.9.17
852,Iosep,Crommett,icrommettnn@europa.eu,Bigender,58.125.50.105
853,Cecilius,Harkin,charkinno@chicagotribune.com,Female,54.42.22.142
854,Devora,Fowkes,dfowkesnp@miitbeian.gov.cn,Genderfluid,153.10.199.92
855,Buffy,Danzey,bdanzeynq@prweb.com,Non-binary,34.110.153.49
856,Herschel,Mountstephen,hmountstephennr@npr.org,Female,220.227.163.94
857,Marlene,Vandrill,mvandrillns@loc.gov,Non-binary,77.192.197.217
858,Adriaens,St. Leger,astlegernt@netscape.com,Agender,97.251.192.188
859,Umberto,Ary,uarynu@cdc.gov,Female,139.79.142.145
860,Cull,Marzele,cmarzelenv@apple.com,Agender,10.58.208.84
861,Denni,De Cruz,ddecruznw@ebay.com,Genderqueer,58.162.26.20
862,Eleanora,Ajean,eajeannx@icq.com,Genderqueer,82.168.204.142
863,Martie,Clemes,mclemesny@furl.net,Female,203.87.36.173
864,Vanya,Ketchell,vketchellnz@opensource.org,Genderqueer,206.96.66.44
865,Cecil,Feltham,cfelthamo0@bbb.org,Genderqueer,46.130.194.20
866,Zarla,Handrahan,zhandrahano1@quantcast.com,Bigender,158.171.82.69
867,Raynard,Minshull,rminshullo2@unblog.fr,Genderqueer,92.48.123.34
868,Catlin,Rawstorn,crawstorno3@chron.com,Polygender,104.231.215.125
869,Cicely,Simms,csimmso4@trellian.com,Female,49.100.32.254
870,Carling,Absalom,cabsalomo5@dyndns.org,Agender,196.237.0.16
871,Darline,Guiness,dguinesso6@constantcontact.com,Genderqueer,233.226.84.186
872,Galen,Clawson,gclawsono7@amazon.co.uk,Genderfluid,47.181.114.38
873,Zebulon,Doogue,zdoogueo8@state.tx.us,Genderqueer,245.187.94.232
874,Rodger,Reeme,rreemeo9@deviantart.com,Female,175.62.105.47
875,Heinrik,Dymoke,hdymokeoa@yale.edu,Polygender,107.223.83.199
876,Angil,Sprigin,aspriginob@cnbc.com,Genderqueer,66.66.167.92
877,Chris,Flement,cflementoc@washington.edu,Genderfluid,58.218.16.105
878,Cordey,Fudger,cfudgerod@reference.com,Genderfluid,6.123.119.51
879,Gibb,Pavlik,gpavlikoe@instagram.com,Genderfluid,62.35.89.98
880,Rosetta,Borgnet,rborgnetof@deliciousdays.com,Polygender,3.104.190.128
881,Sisile,Howford,showfordog@fotki.com,Genderfluid,139.133.70.128
882,Gavrielle,Brocklebank,gbrocklebankoh@howstuffworks.com,Bigender,5.201.13.16
883,Alberto,Grimsdith,agrimsdithoi@dot.gov,Bigender,243.55.60.146
884,Sharla,Juris,sjurisoj@imageshack.us,Non-binary,154.94.40.44
885,Stavros,Blamire,sblamireok@comsenz.com,Bigender,82.212.149.186
886,Christin,Tapping,ctappingol@mail.ru,Female,79.207.30.228
887,Stacee,Goundrill,sgoundrillom@exblog.jp,Female,181.212.41.105
888,Justina,McLeod,jmcleodon@lulu.com,Non-binary,160.3.243.85
889,Lenette,Beardwood,lbeardwoodoo@canalblog.com,Bigender,196.230.163.253
890,Marys,Smogur,msmogurop@tinyurl.com,Female,185.95.170.95
891,Dorine,Boken,dbokenoq@boston.com,Genderqueer,123.167.215.242
892,Clemens,Gaine of England,cgaineofenglandor@google.com.au,Polygender,67.176.45.38
893,Bank,McGeachie,bmcgeachieos@i2i.jp,Genderfluid,195.23.207.151
894,Alic,Prattington,aprattingtonot@ameblo.jp,Agender,54.187.237.172
895,Heda,Wink,hwinkou@newyorker.com,Female,85.207.255.54
896,Wye,Baszniak,wbaszniakov@nifty.com,Agender,228.103.4.46
897,Nonie,Lawie,nlawieow@ucsd.edu,Bigender,224.125.33.5
898,Sidney,Jammet,sjammetox@oracle.com,Female,102.250.9.221
899,Loralee,Beatty,lbeattyoy@house.gov,Genderqueer,129.215.38.205
900,Jyoti,Wilkisson,jwilkissonoz@springer.com,Non-binary,192.174.101.54
901,Nan,Siviour,nsiviourp0@bluehost.com,Genderqueer,42.145.64.1
902,Nari,Steaning,nsteaningp1@over-blog.com,Female,130.32.229.122
903,Antonina,Mathias,amathiasp2@networksolutions.com,Agender,57.30.122.119
904,Stevena,Madison,smadisonp3@si.edu,Bigender,155.158.160.110
905,Chilton,Matiewe,cmatiewep4@boston.com,Bigender,125.0.10.248
906,Ilaire,Carwithan,icarwithanp5@tripadvisor.com,Bigender,9.204.19.250
907,Byrann,Navaro,bnavarop6@1688.com,Male,8.137.175.66
908,Georgina,Feifer,gfeiferp7@discuz.net,Genderfluid,117.138.66.89
909,Gary,Hilldrup,ghilldrupp8@amazon.de,Female,207.136.197.214
910,Frances,Wison,fwisonp9@storify.com,Bigender,167.96.226.54
911,Kellie,Haye,khayepa@1und1.de,Non-binary,15.42.57.123
912,Colet,Welman,cwelmanpb@google.com.au,Bigender,78.50.119.75
913,Bobbette,Blackater,bblackaterpc@tinyurl.com,Female,82.179.94.24
914,Dniren,Jiroudek,djiroudekpd@who.int,Non-binary,80.174.27.198
915,Warner,Orr,worrpe@yelp.com,Bigender,206.35.219.70
916,Gwen,Tart,gtartpf@prnewswire.com,Genderfluid,40.110.115.109
917,Rose,Carbonell,rcarbonellpg@yahoo.co.jp,Bigender,147.29.237.207
918,Davita,Bouchard,dbouchardph@craigslist.org,Female,62.145.244.50
919,Diane-marie,Rundall,drundallpi@bigcartel.com,Bigender,248.170.174.65
920,Hube,MacAnulty,hmacanultypj@redcross.org,Bigender,83.54.76.219
921,Cleve,Camilleri,ccamilleripk@ucsd.edu,Male,23.240.93.6
922,Brina,Coetzee,bcoetzeepl@yellowbook.com,Polygender,65.18.232.0
923,Agace,Rewan,arewanpm@shutterfly.com,Non-binary,188.221.151.113
924,Constance,Hardwicke,chardwickepn@oracle.com,Male,50.96.58.222
925,Pansie,Sorbey,psorbeypo@tripadvisor.com,Male,96.135.45.40
926,Carlita,Strapp,cstrapppp@intel.com,Polygender,48.80.231.93
927,Fabe,Benedetti,fbenedettipq@craigslist.org,Polygender,179.37.206.166
928,Patrizius,Tollerton,ptollertonpr@goodreads.com,Male,169.83.96.255
929,Anthia,Winsborrow,awinsborrowps@wordpress.com,Genderqueer,30.207.96.83
930,Gwen,De Michele,gdemichelept@example.com,Bigender,200.250.211.131
931,Candie,Gorler,cgorlerpu@slashdot.org,Agender,184.38.48.250
932,Kendricks,Petrasek,kpetrasekpv@webeden.co.uk,Female,19.44.129.182
933,Donn,Fiske,dfiskepw@eventbrite.com,Agender,220.135.96.222
934,Sibley,Bellefant,sbellefantpx@people.com.cn,Female,170.212.243.66
935,Hunt,Henstone,hhenstonepy@go.com,Female,240.106.81.106
936,Jonie,Lemerie,jlemeriepz@netscape.com,Agender,253.114.149.188
937,Ryan,Branchett,rbranchettq0@godaddy.com,Bigender,225.69.37.188
938,Jaquenetta,Bassett,jbassettq1@wikia.com,Female,169.168.224.213
939,Gertrud,Dell'Abbate,gdellabbateq2@elpais.com,Female,46.39.32.59
940,Hester,De Bruijne,hdebruijneq3@devhub.com,Bigender,0.154.77.94
941,Cross,Timperley,ctimperleyq4@furl.net,Genderqueer,194.133.3.36
942,Trula,Itscowics,titscowicsq5@rediff.com,Agender,20.163.234.203
943,Rolando,Mendus,rmendusq6@answers.com,Male,153.159.172.120
944,Briano,McKirdy,bmckirdyq7@elpais.com,Genderqueer,59.49.15.66
945,Betsey,Glass,bglassq8@163.com,Agender,178.130.136.224
946,Cherish,Booi,cbooiq9@admin.ch,Male,198.136.158.179
947,Robin,Polkinghorne,rpolkinghorneqa@bandcamp.com,Genderfluid,137.140.7.241
948,Shirl,Form,sformqb@tinyurl.com,Female,59.111.37.224
949,Letty,Skellern,lskellernqc@w3.org,Agender,33.224.187.74
950,Dael,Maudlin,dmaudlinqd@google.ca,Genderqueer,195.31.23.130
951,Nanci,Stert,nstertqe@illinois.edu,Bigender,141.18.9.158
952,Cirillo,Portingale,cportingaleqf@ocn.ne.jp,Male,55.81.91.170
953,Kort,Wakerley,kwakerleyqg@whitehouse.gov,Genderfluid,170.234.12.75
954,Kerrie,Strete,kstreteqh@merriam-webster.com,Non-binary,51.248.22.67
955,Kendricks,Loachhead,kloachheadqi@com.com,Male,246.244.71.162
956,Florette,McCurtin,fmccurtinqj@dmoz.org,Genderfluid,17.61.12.44
957,Babette,Wakes,bwakesqk@etsy.com,Agender,236.64.132.191
958,Annabel,Bowen,abowenql@phpbb.com,Female,114.168.84.216
959,Vasilis,Resdale,vresdaleqm@ovh.net,Non-binary,212.166.115.192
960,Pam,Dealy,pdealyqn@skyrock.com,Non-binary,221.84.91.255
961,Diana,Inglese,dingleseqo@redcross.org,Non-binary,245.163.170.204
962,Cecilla,Dewerson,cdewersonqp@meetup.com,Male,159.145.55.40
963,Ailee,Meardon,ameardonqq@multiply.com,Genderqueer,246.152.187.187
964,Barrie,Milbank,bmilbankqr@salon.com,Polygender,37.63.126.51
965,Karita,Robben,krobbenqs@soundcloud.com,Genderfluid,135.19.39.228
966,Sacha,Sturgeon,ssturgeonqt@dailymotion.com,Agender,106.61.25.44
967,Abby,Aysik,aaysikqu@cpanel.net,Bigender,10.125.245.237
968,Sianna,Steagall,ssteagallqv@wikispaces.com,Genderqueer,85.34.37.239
969,Lydie,Geldard,lgeldardqw@plala.or.jp,Agender,24.185.147.252
970,Karlik,Proschke,kproschkeqx@typepad.com,Male,203.69.144.167
971,Kristen,Frampton,kframptonqy@wufoo.com,Bigender,6.81.23.52
972,Javier,Hew,jhewqz@csmonitor.com,Genderfluid,92.225.80.109
973,Dur,Graith,dgraithr0@aol.com,Agender,216.10.113.136
974,Laird,Cuerdall,lcuerdallr1@acquirethisname.com,Genderqueer,145.207.79.129
975,Jillene,Bertelet,jberteletr2@telegraph.co.uk,Genderqueer,9.244.87.38
976,Jacquelynn,Onn,jonnr3@ucoz.ru,Polygender,81.247.87.132
977,Anne-corinne,Corlett,acorlettr4@europa.eu,Genderfluid,116.39.162.80
978,Simonne,Schusterl,sschusterlr5@earthlink.net,Non-binary,146.64.103.64
979,Jodi,Tingle,jtingler6@psu.edu,Genderfluid,114.33.221.117
980,Sheba,Bottelstone,sbottelstoner7@delicious.com,Non-binary,14.22.22.179
981,Coraline,Best,cbestr8@nsw.gov.au,Female,208.234.220.241
982,Britt,Skedgell,bskedgellr9@dell.com,Male,247.97.189.28
983,Glenda,Berthod,gberthodra@twitpic.com,Genderqueer,217.9.38.230
984,Madlin,Kelwaybamber,mkelwaybamberrb@ezinearticles.com,Polygender,252.238.103.106
985,Agnesse,Bransom,abransomrc@state.tx.us,Non-binary,185.73.141.6
986,Estel,Egginson,eegginsonrd@scientificamerican.com,Non-binary,129.146.176.113
987,Rad,Winsper,rwinsperre@usatoday.com,Genderqueer,241.39.234.119
988,Mar,Janek,mjanekrf@nbcnews.com,Genderqueer,213.217.42.199
989,Alena,Lundbech,alundbechrg@usa.gov,Genderfluid,71.149.49.195
990,Jesselyn,Potell,jpotellrh@moonfruit.com,Male,226.180.3.55
991,Lari,Hunnam,lhunnamri@livejournal.com,Male,248.56.176.98
992,Liam,Yeowell,lyeowellrj@nasa.gov,Genderqueer,200.219.75.130
993,Cale,Blackburne,cblackburnerk@ustream.tv,Genderqueer,28.170.162.174
994,Jacky,Shallow,jshallowrl@ox.ac.uk,Male,47.77.206.25
995,Reese,Montier,rmontierrm@skype.com,Male,207.108.141.121
996,Lilian,Mueller,lmuellerrn@icio.us,Agender,48.143.241.174
997,Gregoire,Curzey,gcurzeyro@abc.net.au,Agender,41.24.122.196
998,Even,Hourican,ehouricanrp@wunderground.com,Genderfluid,253.184.190.3
999,Joelly,Jaskowicz,jjaskowiczrq@sun.com,Polygender,140.248.235.162
1000,Lotte,Unthank,lunthankrr@cyberchimps.com,Genderfluid,6.130.189.194
