id,first_name,last_name,email,gender,ip_address
1,Skippie,Esmond,sesmond0@google.es,,109.86.67.198
2,Chiarra,Spurgeon,cspurgeon1@ow.ly,,190.229.137.46
3,Luz,Giffon,lgiffon2@51.la,,220.221.127.246
4,Shalne,Dunston,sdunston3@sphinn.com,Female,127.73.53.130
5,Garvey,Balderston,,Bigender,
6,Duane,Asquith,,,
7,Alf,,ajorck6@cpanel.net,Female,189.131.21.194
8,Andree,Oswell,aoswell7@sohu.com,,190.222.87.113
9,Corry,Mandrey,cmandrey8@reddit.com,,64.223.255.239
10,Stormi,Lazell,,Male,
11,Walsh,Bessom,wbessoma@cdbaby.com,,221.91.236.213
12,Evy,Lackham,elackhamb@posterous.com,Male,43.32.79.28
13,Wolfy,Stayt,wstaytc@cdc.gov,Female,95.220.160.162
14,Francesca,Hause,,Non-binary,
15,Lionello,Fussie,lfussiee@blogtalkradio.com,Bigender,103.111.196.149
16,Seana,Shah,sshahf@marketwatch.com,Genderqueer,10.46.146.147
17,Norine,Stowe,nstoweg@wikia.com,,210.11.66.13
18,Melinde,Sieghart,msiegharth@paginegialle.it,Bigender,71.128.104.34
19,Chancey,Chatterton,cchattertoni@xing.com,Female,178.181.31.134
20,Vonni,Plante,vplantej@furl.net,,242.210.87.81
21,Keen,Goodbody,kgoodbodyk@ed.gov,,18.205.27.14
22,Garwood,Ilyuchyov,gilyuchyovl@dagondesign.com,Male,215.172.84.67
23,Bailey,Seide,bseidem@trellian.com,,10.53.107.234
24,Britteny,Pady,bpadyn@springer.com,,75.185.244.183
25,Fidelity,Dellit,fdellito@ycombinator.com,,55.139.203.80
26,,Baal,jbaalp@ameblo.jp,,4.8.27.230
27,Jordana,Allden,,,
28,Malina,Challes,mchallesr@linkedin.com,,89.193.70.89
29,Ron,Greenstreet,rgreenstreets@fotki.com,,50.2.210.93
30,Dane,Londors,dlondorst@wordpress.org,,59.211.50.252
31,Garner,Fenne,,,
32,Gina,Manvell,,,
33,Paloma,Tabbitt,ptabbittw@microsoft.com,,114.244.18.231
34,Giacopo,Grellis,ggrellisx@example.com,Polygender,179.134.30.143
35,Thadeus,Caselli,tcaselliy@netscape.com,Agender,7.119.182.115
36,Sharai,Pau,,Genderqueer,
37,Shalne,Brignell,sbrignell10@eepurl.com,Bigender,234.61.143.57
38,Dorris,McGorman,,Bigender,
39,Deedee,Shaddock,dshaddock12@smugmug.com,Female,31.107.58.166
40,Emelina,Birkett,ebirkett13@nba.com,Non-binary,55.181.22.182
41,Nichole,McGucken,,,
42,Rockey,,,Polygender,
43,Lucita,Barns,lbarns16@businesswire.com,Male,76.169.74.206
44,Verna,Crews,vcrews17@cbc.ca,,54.20.215.86
45,Payton,Snelle,,,
46,Cord,Wreakes,cwreakes19@msu.edu,,219.166.25.103
47,Myriam,Heys,mheys1a@kickstarter.com,,36.169.27.130
48,Heloise,Rohfsen,hrohfsen1b@rambler.ru,,199.200.250.251
49,Pietra,McIntosh,,,
50,Florella,Spritt,fspritt1d@mail.ru,,180.156.100.161
51,Tobye,De Domenici,tdedomenici1e@tuttocitta.it,Genderqueer,96.181.167.195
52,Pippy,Impson,pimpson1f@soup.io,Genderqueer,110.111.10.176
53,Lorettalorna,Jewitt,ljewitt1g@youku.com,,132.152.61.77
54,Nero,Thewys,nthewys1h@cpanel.net,,228.178.225.173
55,Mirelle,,msheavills1i@wix.com,Non-binary,143.21.200.234
56,Joscelin,Crowe,,,
57,Harlie,Lightfoot,,,
58,Elysia,Jodlowski,ejodlowski1l@barnesandnoble.com,,140.176.60.190
59,Rochester,McArdell,,Female,
60,Beatrice,Haggard,bhaggard1n@elegantthemes.com,Male,176.162.151.191
61,Celene,Covert,ccovert1o@engadget.com,Bigender,57.220.230.129
62,Auroora,Young,ayoung1p@google.it,,254.143.62.169
63,Cami,MacAllester,cmacallester1q@timesonline.co.uk,Polygender,227.156.96.129
64,Renaud,Drinkeld,rdrinkeld1r@dailymail.co.uk,Polygender,186.180.149.87
65,Cassondra,Locarno,clocarno1s@smugmug.com,,75.151.112.5
66,Vitia,Yurmanovev,,,
67,Heinrick,Rapps,hrapps1u@taobao.com,Agender,175.202.35.181
68,Lyell,Caldecot,,,
69,Dulsea,Delion,ddelion1w@yolasite.com,,139.221.28.69
70,Trula,Aitken,taitken1x@mysql.com,,175.104.163.76
71,Barton,Hodcroft,bhodcroft1y@prweb.com,Genderqueer,26.62.11.190
72,Leora,McKinstry,,,
73,Samaria,Kehoe,skehoe20@feedburner.com,Non-binary,106.213.248.201
74,Chloette,Bahls,cbahls21@nytimes.com,,23.61.218.120
75,Sindee,Cresar,,,
76,,Hubbins,,,
77,Regan,Pamphilon,rpamphilon24@simplemachines.org,Genderqueer,103.159.89.91
78,Rose,Danielovitch,,,
79,Wells,Dashwood,wdashwood26@cbslocal.com,,11.145.126.166
80,Kellia,Ferrettino,,,
81,Corbet,Soda,csoda28@vkontakte.ru,,40.111.157.220
82,Brittany,Victory,bvictory29@creativecommons.org,,179.143.168.122
83,Anneliese,Barber,abarber2a@google.pl,,39.28.46.142
84,Tori,Dunican,tdunican2b@google.com.au,,144.63.249.60
85,Coralie,Nutkins,,,
86,Drugi,Martynka,dmartynka2d@hud.gov,,138.30.168.23
87,Nancie,Plaice,nplaice2e@sogou.com,,126.110.245.108
88,Jayson,Younghusband,,,
89,Marmaduke,Goodburn,,,
90,Alysia,Newis,anewis2h@bloglines.com,Polygender,242.98.1.161
91,Trevor,Manz,tmanz2i@eepurl.com,,35.67.158.154
92,Carl,Clemence,cclemence2j@creativecommons.org,Genderfluid,203.158.31.230
93,Christian,Olivera,colivera2k@mozilla.org,,20.208.62.46
94,Vito,Claybourne,vclaybourne2l@lycos.com,Genderqueer,78.141.48.8
95,Peggie,Brown,pbrown2m@state.tx.us,Genderfluid,152.60.156.85
96,Adamo,Fransewich,,Genderfluid,
97,Carver,Folland,cfolland2o@ovh.net,,41.86.157.137
98,Giacinta,Casserly,gcasserly2p@answers.com,Non-binary,195.4.116.156
99,Judith,Dryden,,Female,
100,Lacee,Neild,lneild2r@ibm.com,Genderfluid,235.230.77.51
101,Lilian,Cordie,,,
102,Batholomew,Autrie,bautrie2t@usatoday.com,Male,90.56.151.28
103,Itch,Pardey,ipardey2u@arstechnica.com,,206.147.225.0
104,,,uhurch2v@free.fr,,174.163.147.80
105,,Tincombe,,Genderfluid,
106,Dian,Goodburn,dgoodburn2x@prweb.com,,13.206.22.36
107,Cortie,Rosenhaupt,crosenhaupt2y@themeforest.net,,250.43.8.87
108,Charlie,McGrann,cmcgrann2z@dailymotion.com,,243.139.93.245
109,Wallache,McIlmorow,wmcilmorow30@ocn.ne.jp,,80.237.71.217
110,Olga,Pinchin,opinchin31@eepurl.com,,12.22.98.146
111,Judi,Sebright,jsebright32@taobao.com,,23.113.56.224
112,Tonia,Prattin,tprattin33@nationalgeographic.com,Polygender,25.66.227.74
113,Abbe,Allwright,aallwright34@telegraph.co.uk,,218.64.249.63
114,,Wardington,lwardington35@redcross.org,Non-binary,253.103.192.42
115,Sophi,Siggens,,Agender,
116,Nickolai,Tooth,ntooth37@buzzfeed.com,,198.161.195.210
117,Gaylor,Bagnell,,,
118,Bary,Rowlson,browlson39@wikimedia.org,,183.90.18.114
119,Erastus,Mousdall,emousdall3a@berkeley.edu,,133.32.81.226
120,Ninnette,Jonuzi,njonuzi3b@google.com,Genderqueer,168.200.116.97
121,Jolene,Stiegers,jstiegers3c@deviantart.com,Genderfluid,30.95.133.61
122,Sal,Audley,saudley3d@cafepress.com,Genderfluid,216.119.34.48
123,Marnia,Skivington,mskivington3e@sun.com,,219.244.141.114
124,,Ramard,mramard3f@delicious.com,,31.204.117.130
125,Myrwyn,Innott,minnott3g@miitbeian.gov.cn,,246.200.225.219
126,Vladamir,,,Agender,
127,Stafani,MacAnellye,smacanellye3i@example.com,,237.209.181.59
128,Ignacio,Jarrel,ijarrel3j@freewebs.com,,62.9.116.235
129,Raymond,Veld,rveld3k@creativecommons.org,Polygender,210.164.14.39
130,Richart,Drysdale,rdrysdale3l@cargocollective.com,,86.110.64.63
131,,Breming,pbreming3m@patch.com,Agender,1.68.81.48
132,Anissa,Headley,aheadley3n@indiegogo.com,Bigender,11.197.101.69
133,Philippe,Durram,,Female,
134,Brnaba,Cathrall,bcathrall3p@bing.com,,34.71.178.85
135,,Asee,gasee3q@nature.com,Bigender,216.241.132.46
136,Yoko,,ymackerel3r@independent.co.uk,Genderqueer,132.49.107.13
137,Clemmie,Garmons,,,
138,Curtice,Yves,cyves3t@bigcartel.com,,28.243.94.75
139,Berkie,Casewell,bcasewell3u@i2i.jp,,110.241.209.238
140,Gill,Staniland,gstaniland3v@vkontakte.ru,,182.35.219.217
141,Diann,Illidge,dillidge3w@domainmarket.com,,124.76.241.61
142,Malena,Rouby,mrouby3x@umn.edu,,149.124.23.143
143,Antons,Robrow,arobrow3y@house.gov,,14.30.247.143
144,Barbaraanne,Coventry,bcoventry3z@go.com,Genderqueer,44.23.54.148
145,Nadiya,Stimson,,Genderfluid,
146,Opal,Penniall,openniall41@sfgate.com,,22.31.173.102
147,Peri,Stowell,pstowell42@businesswire.com,Polygender,176.52.61.133
148,Morlee,Hudleston,mhudleston43@craigslist.org,Genderqueer,3.228.63.255
149,Kass,Maidlow,kmaidlow44@gizmodo.com,Female,61.87.173.162
150,Lowell,Forseith,lforseith45@cnbc.com,Genderfluid,99.130.3.240
151,Albie,Hubball,ahubball46@hud.gov,Male,237.242.33.227
152,Pattie,McKeney,,Agender,
153,Violet,Atyeo,vatyeo48@delicious.com,,102.118.154.18
154,Haley,De Vries,hdevries49@ox.ac.uk,,180.60.183.127
155,Phelia,Loche,ploche4a@indiatimes.com,,9.101.121.3
156,Merrily,Orringe,morringe4b@businessweek.com,Agender,128.135.112.67
157,Bernie,Capps,bcapps4c@sakura.ne.jp,Genderfluid,247.57.32.192
158,Kass,Wellstead,kwellstead4d@usatoday.com,,40.48.58.237
159,Burtie,Hannaway,bhannaway4e@nationalgeographic.com,,172.123.107.239
160,Ambrosius,Barnaby,abarnaby4f@archive.org,Non-binary,141.121.35.199
161,Hewie,Nowak,hnowak4g@redcross.org,,194.133.57.160
162,Francyne,Espley,fespley4h@skype.com,Male,5.152.208.63
163,Atlanta,Paulo,apaulo4i@domainmarket.com,,13.203.83.221
164,Aaren,Casa,,Polygender,
165,Tommy,Geraud,tgeraud4k@disqus.com,Agender,155.111.8.151
166,Orville,Holberry,oholberry4l@sakura.ne.jp,Polygender,13.108.84.254
167,Janos,Anstiss,janstiss4m@github.io,Male,120.97.49.222
168,Ossie,,ocordon4n@smh.com.au,,228.78.52.215
169,Avril,Currom,acurrom4o@phpbb.com,Non-binary,161.134.155.1
170,Kimberlee,,kkytter4p@dedecms.com,Agender,74.2.107.193
171,Nolan,Rutherforth,nrutherforth4q@ucoz.com,,204.232.66.83
172,Marianne,Goldwater,mgoldwater4r@biglobe.ne.jp,Non-binary,209.240.203.52
173,Walt,Stiling,wstiling4s@delicious.com,Genderqueer,242.16.96.34
174,Tobiah,MacEvilly,tmacevilly4t@printfriendly.com,,32.211.106.66
175,Wendall,Bleyman,wbleyman4u@blogs.com,,192.23.124.58
176,Stormy,,swoolfoot4v@jalbum.net,,127.211.120.65
177,Atlante,Secker,,,
178,Elvina,Dallison,edallison4x@weebly.com,,69.221.72.83
179,Fred,Benech,fbenech4y@themeforest.net,,103.170.157.38
180,,Dionisi,mdionisi4z@cargocollective.com,,63.54.118.113
181,Marita,Asson,masson50@abc.net.au,,169.0.65.100
182,Gert,Ambrus,gambrus51@com.com,,61.99.30.220
183,Cariotta,Grigorkin,cgrigorkin52@cargocollective.com,,7.164.43.119
184,Minni,Juan,mjuan53@hostgator.com,,72.143.55.241
185,Tripp,Mottram,tmottram54@quantcast.com,Polygender,194.18.227.22
186,,Basezzi,gbasezzi55@nhs.uk,Bigender,80.149.174.97
187,Kristoforo,,kvandenbosch56@blog.com,,149.15.87.129
188,Emalia,Kuscha,ekuscha57@tripadvisor.com,,181.215.217.214
189,Constanta,Murison,cmurison58@comcast.net,,190.198.222.45
190,Roth,Keave,rkeave59@ameblo.jp,,33.244.119.137
191,Ingaborg,Badwick,,Bigender,
192,Marieann,Matushevitz,mmatushevitz5b@tamu.edu,,177.242.132.6
193,Cly,,cwagenen5c@dropbox.com,Female,108.110.118.163
194,Glenn,,gdaintry5d@cnbc.com,,138.182.76.92
195,Freeland,Cowdry,fcowdry5e@rediff.com,,143.153.84.145
196,Abbi,Ezzy,aezzy5f@npr.org,Polygender,167.74.196.184
197,Phineas,Sperwell,psperwell5g@sakura.ne.jp,Male,84.64.38.46
198,Giraud,Guinn,gguinn5h@acquirethisname.com,,203.122.178.228
199,Aura,Rowaszkiewicz,arowaszkiewicz5i@businessweek.com,,161.78.171.62
200,Claudelle,Gaitung,cgaitung5j@abc.net.au,Genderqueer,12.233.96.251
201,Austina,Druitt,,,
202,Brittney,Midlane,bmidlane5l@sitemeter.com,,253.137.224.114
203,Julie,,josharkey5m@walmart.com,Male,103.102.73.232
204,Whitby,Folk,wfolk5n@buzzfeed.com,,24.238.85.34
205,Agnes,Bass,abass5o@sohu.com,,33.191.215.159
206,Ronni,Slocum,rslocum5p@vimeo.com,,217.70.195.224
207,Camala,Dobie,cdobie5q@bluehost.com,,46.52.80.122
208,Rossie,Pairpoint,rpairpoint5r@timesonline.co.uk,Agender,230.138.234.27
209,Torrence,Esposito,tesposito5s@stumbleupon.com,Polygender,250.137.3.68
210,Miles,Stubbins,mstubbins5t@gnu.org,,85.6.92.34
211,Donnamarie,Hildrew,dhildrew5u@constantcontact.com,,163.47.227.101
212,Ciro,D'Errico,cderrico5v@spotify.com,Male,160.229.115.155
213,Anthia,Haddick,ahaddick5w@typepad.com,Male,71.130.250.173
214,Angus,McGrann,amcgrann5x@irs.gov,,24.246.228.202
215,Grata,Carn,gcarn5y@livejournal.com,Female,139.241.190.237
216,Noll,Seyfart,nseyfart5z@histats.com,Male,223.212.102.56
217,Maiga,Innocent,minnocent60@free.fr,Agender,5.43.243.243
218,Ebenezer,Cutler,,,
219,Laurie,Maundrell,,Male,
220,Bruno,Wicher,bwicher63@wikia.com,Female,227.155.174.245
221,Ivar,Spikings,,,
222,Starla,McCrum,smccrum65@arstechnica.com,Bigender,91.204.112.117
223,Jermaine,Hudd,jhudd66@technorati.com,Genderfluid,136.247.32.28
224,Caleb,Rockliffe,crockliffe67@google.ca,Genderfluid,3.179.35.180
225,Wadsworth,Lippiello,wlippiello68@discovery.com,,62.193.126.162
226,Brand,Tidball,btidball69@usda.gov,Agender,235.47.132.162
227,Shaughn,Sibson,ssibson6a@senate.gov,,86.132.166.176
228,Jewel,Hought,jhought6b@etsy.com,Bigender,63.89.236.81
229,Mandy,Pippard,mpippard6c@si.edu,,135.53.4.119
230,Leicester,Reston,,Polygender,
231,Cherye,Ghost,,Polygender,
232,Meryl,Ballsdon,mballsdon6f@abc.net.au,,215.25.160.221
233,Penelopa,Cafferty,pcafferty6g@soup.io,Non-binary,60.186.216.251
234,Danice,Kingcote,dkingcote6h@yellowpages.com,,70.24.121.202
235,Cobby,Trippack,ctrippack6i@wikipedia.org,,171.135.176.252
236,Siana,Lere,slere6j@about.com,Genderfluid,144.15.163.148
237,Broddie,Betjes,bbetjes6k@free.fr,,180.126.128.229
238,Beulah,Theobold,btheobold6l@163.com,Male,186.87.231.142
239,Tomi,Jacquet,tjacquet6m@edublogs.org,Female,14.134.251.205
240,,Cristofano,mcristofano6n@guardian.co.uk,,141.182.174.134
241,Andie,Orknay,aorknay6o@illinois.edu,Female,255.104.109.117
242,Lyn,Glide,,Bigender,
243,Kirbie,Cowle,kcowle6q@wordpress.org,Bigender,69.56.178.99
244,Zachery,Findlow,zfindlow6r@ocn.ne.jp,Non-binary,139.179.128.185
245,Valentine,Borchardt,,,
246,Dana,Jarrell,djarrell6t@state.tx.us,,181.250.223.30
247,Pietra,Huard,phuard6u@shutterfly.com,,58.237.153.25
248,Glad,Keaveny,gkeaveny6v@prweb.com,,27.235.141.189
249,Cecilio,Muino,,Agender,
250,Veronika,Staniford,vstaniford6x@stanford.edu,,151.81.59.71
251,Hilary,Petkov,,,
252,Carolan,Aspray,,Polygender,
253,Peyter,,preignould70@ucoz.ru,Agender,106.107.183.136
254,Velvet,Vedyashkin,vvedyashkin71@gov.uk,Male,106.61.194.21
255,Yoshi,Middler,ymiddler72@miibeian.gov.cn,Agender,18.229.237.205
256,Jere,Plank,jplank73@xrea.com,Genderfluid,192.125.43.84
257,Esra,Ponnsett,eponnsett74@csmonitor.com,,56.148.174.205
258,,Bemwell,mbemwell75@yolasite.com,Genderfluid,151.195.2.3
259,Bren,Spain-Gower,bspaingower76@time.com,,170.65.192.79
260,Gardy,Imrie,gimrie77@blogger.com,,55.165.183.244
261,Tristam,Wenban,twenban78@godaddy.com,Bigender,212.235.104.189
262,Walton,McGarrahan,wmcgarrahan79@thetimes.co.uk,,31.20.247.224
263,Aeriel,Santo,asanto7a@ftc.gov,Agender,98.21.33.220
264,Yance,Tuckey,ytuckey7b@npr.org,,104.177.89.199
265,Hasty,Mussolini,hmussolini7c@odnoklassniki.ru,Bigender,154.253.48.147
266,Melicent,Staden,mstaden7d@wufoo.com,,140.214.224.16
267,Emelina,Weightman,eweightman7e@globo.com,Bigender,160.9.207.181
268,Jeanine,Whitty,,Non-binary,
269,Derry,Digges,ddigges7g@comcast.net,,70.13.19.133
270,Rozanna,Byllam,rbyllam7h@jimdo.com,,65.229.145.116
271,Brad,Bendelow,bbendelow7i@nifty.com,Genderqueer,126.102.7.38
272,Janna,Patillo,jpatillo7j@soundcloud.com,,75.74.3.184
273,Lock,Ceaplen,lceaplen7k@instagram.com,Genderqueer,119.120.20.226
274,Nichole,Bridgestock,nbridgestock7l@unc.edu,,214.96.175.241
275,Gwennie,Kropach,gkropach7m@senate.gov,,180.248.59.26
276,Glynn,Edkins,,Male,
277,Dougie,Tatum,dtatum7o@sfgate.com,,202.170.74.253
278,Blythe,Tweddell,,Agender,
279,Austin,Cordon,acordon7q@epa.gov,,89.51.194.245
280,Herrick,Seiter,,Genderfluid,
281,Cristine,Tomaskov,,,
282,,Brennon,cbrennon7t@istockphoto.com,Female,253.171.140.120
283,Dina,Lafferty,dlafferty7u@joomla.org,,34.91.233.183
284,Werner,Calvey,wcalvey7v@cornell.edu,Genderfluid,210.6.216.22
285,Parsifal,Joynt,pjoynt7w@stumbleupon.com,Bigender,102.152.69.234
286,Barbra,,bpiddington7x@soup.io,,19.74.36.159
287,Merola,Eddington,meddington7y@blinklist.com,Bigender,80.235.45.9
288,Seana,Vela,,,
289,Traver,Dibson,,Genderfluid,
290,Weston,Duxbarry,wduxbarry81@psu.edu,Polygender,225.126.126.15
291,Livia,Preston,lpreston82@fotki.com,,182.93.55.231
292,Paton,,,,
293,Martyn,Rosedale,,Non-binary,
294,Giffard,Semple,gsemple85@guardian.co.uk,Non-binary,223.225.42.197
295,Issi,Chilver,ichilver86@edublogs.org,Bigender,52.255.165.43
296,Charlot,Szanto,cszanto87@google.it,,240.212.132.216
297,Stearne,Gianiello,sgianiello88@chicagotribune.com,,145.86.74.84
298,Tome,Siebart,tsiebart89@woothemes.com,Female,76.175.221.104
299,Mercy,Rickhuss,mrickhuss8a@wisc.edu,,112.228.9.255
300,Rebe,Falvey,rfalvey8b@domainmarket.com,Polygender,120.127.150.194
301,Delphine,Mallam,dmallam8c@paginegialle.it,,110.110.73.31
302,Clo,Duffy,cduffy8d@cargocollective.com,,189.197.23.202
303,Leoine,Scrase,,Male,
304,Lacie,Rosekilly,lrosekilly8f@blinklist.com,Genderfluid,43.91.117.44
305,Eugenia,Creffield,ecreffield8g@dagondesign.com,Polygender,172.165.191.100
306,Felicdad,Alcido,falcido8h@netvibes.com,,249.76.80.113
307,Trev,Royds,troyds8i@foxnews.com,Genderqueer,248.57.233.221
308,Baillie,Bourton,bbourton8j@tamu.edu,Non-binary,249.21.208.35
309,Marsh,Dinsale,mdinsale8k@icq.com,,195.205.252.19
310,Ermin,Tommasi,etommasi8l@salon.com,,64.248.253.187
311,Sisely,Bresner,sbresner8m@stumbleupon.com,,71.211.245.203
312,Bette-ann,Meus,bmeus8n@infoseek.co.jp,,135.52.219.42
313,Dean,Swalteridge,dswalteridge8o@twitpic.com,Genderqueer,182.191.141.69
314,Etti,Bowkley,ebowkley8p@google.de,Female,130.70.126.214
315,Teodorico,Rozenzweig,,Genderfluid,
316,Raviv,Chatteris,rchatteris8r@japanpost.jp,,106.3.172.85
317,Orazio,Spoward,ospoward8s@constantcontact.com,,115.95.241.141
318,Crystie,Garshore,cgarshore8t@umich.edu,,57.217.11.231
319,Farris,Mitie,,,
320,Rey,Merrien,rmerrien8v@skyrock.com,,208.91.224.138
321,Kalil,Ecclestone,kecclestone8w@twitter.com,,207.146.16.175
322,Yul,Lackmann,ylackmann8x@ebay.com,,58.237.185.228
323,Clayborn,Aime,caime8y@tripod.com,Genderqueer,172.145.84.43
324,Felice,Davie,fdavie8z@cnet.com,,101.80.229.58
325,Rebekkah,,rbennington90@irs.gov,Male,224.47.235.1
326,Jenine,Cowen,,,
327,Melinda,Stucke,,Genderqueer,
328,Chad,Rendell,crendell93@yellowbook.com,,154.178.227.48
329,Nariko,Szimon,nszimon94@vistaprint.com,Male,97.71.151.215
330,Esdras,Carratt,ecarratt95@furl.net,Agender,187.47.159.226
331,Sal,,,Genderfluid,
332,Karen,Drever,kdrever97@topsy.com,,94.140.194.121
333,Viviene,Fonteyne,vfonteyne98@usgs.gov,Agender,35.70.255.70
334,,Eaton,,,
335,Tarra,Edinboro,tedinboro9a@wisc.edu,,159.176.32.60
336,Evangelin,Dhenin,edhenin9b@utexas.edu,Bigender,80.88.202.98
337,Aline,Benedict,,,
338,Lovell,Hancill,,Female,
339,Barr,Gallone,,Genderqueer,
340,Gerrie,Wardley,gwardley9f@bbb.org,,31.112.133.56
341,Alli,Dik,,Male,
342,Madelon,,mmeiklejohn9h@etsy.com,Non-binary,244.203.180.17
343,Traci,Floch,tfloch9i@sohu.com,,113.13.221.185
344,Franzen,Onians,fonians9j@ocn.ne.jp,Male,52.125.200.19
345,Beth,Dimitrov,,,
346,Carlee,Piddle,cpiddle9l@time.com,Female,240.128.185.165
347,Hayes,Tanman,htanman9m@ocn.ne.jp,,251.100.227.209
348,Helaina,Fysh,hfysh9n@seattletimes.com,,85.228.138.80
349,Townsend,Crees,,Non-binary,
350,Parker,Valerio,pvalerio9p@ibm.com,,141.128.235.150
351,Parsifal,Godbold,pgodbold9q@twitter.com,Polygender,210.120.199.77
352,Eleni,Ashdown,eashdown9r@dedecms.com,,75.39.151.143
353,Adelle,Portail,aportail9s@domainmarket.com,,106.243.213.166
354,Glenn,Clubley,gclubley9t@barnesandnoble.com,Genderfluid,214.168.170.251
355,Lucas,Wimbury,,Genderqueer,
356,Wiley,Keward,wkeward9v@gnu.org,Agender,192.81.249.26
357,Erena,,ebeeble9w@fda.gov,,24.58.62.252
358,Carina,Pugsley,cpugsley9x@last.fm,Polygender,194.212.177.177
359,Nicholas,Chelsom,nchelsom9y@tripadvisor.com,Female,152.233.83.146
360,Fernandina,Scally,,Non-binary,
361,Dacey,Horsley,dhorsleya0@360.cn,,233.91.197.175
362,Gianina,Aizikovitz,,Genderqueer,
363,Farra,Suermeier,fsuermeiera2@sogou.com,Male,159.112.167.201
364,Ewart,Pittet,epitteta3@soup.io,Agender,1.189.137.203
365,Eduardo,Dyment,,,
366,Ruben,Airds,rairdsa5@jugem.jp,Female,119.91.95.47
367,Barbara,Gilmour,bgilmoura6@twitpic.com,,43.220.123.87
368,Maire,Hallbord,,,
369,Meredeth,Jeffels,mjeffelsa8@addthis.com,Bigender,134.13.30.173
370,Nell,Dinkin,ndinkina9@skyrock.com,Female,130.15.33.51
371,Kelli,Vakhonin,kvakhoninaa@ustream.tv,Agender,246.217.241.3
372,Dion,Clurow,dclurowab@de.vu,Genderqueer,156.149.26.43
373,Ebba,Silmon,esilmonac@ehow.com,,44.143.130.166
374,Hermon,Miles,hmilesad@webmd.com,,42.172.11.15
375,Robin,Dradey,rdradeyae@4shared.com,,117.248.51.223
376,Corbett,Berg,,,
377,Ase,Brightman,abrightmanag@dagondesign.com,Bigender,35.27.190.91
378,Beatriz,Keitley,bkeitleyah@wordpress.com,,114.224.89.219
379,Hannis,Favill,hfavillai@craigslist.org,,139.239.81.243
380,Florri,Buxcy,fbuxcyaj@de.vu,,63.245.105.42
381,Rebecca,Louca,rloucaak@time.com,Agender,178.86.125.195
382,Melantha,,mthunnercliffeal@virginia.edu,,138.236.240.218
383,Mercie,Probart,mprobartam@yahoo.co.jp,Female,110.220.220.13
384,Gilberte,Stutt,gstuttan@addtoany.com,Polygender,18.165.242.126
385,Abagael,Lipscombe,alipscombeao@moonfruit.com,Male,66.20.36.5
386,Anya,Enderby,aenderbyap@businessweek.com,Genderqueer,148.138.149.240
387,Abba,Kringe,akringeaq@amazon.com,,128.201.25.33
388,Agna,Eddis,aeddisar@biblegateway.com,Male,112.106.27.83
389,Robbi,Sargent,,Genderfluid,
390,Anett,Rickarsey,arickarseyat@google.co.uk,Genderfluid,49.253.107.8
391,Olwen,Ghilks,oghilksau@oracle.com,,226.228.98.160
392,Zacharie,Tomaino,ztomainoav@wordpress.com,Non-binary,138.242.76.235
393,Anet,Swait,,Genderfluid,
394,Libbi,Kinset,lkinsetax@unesco.org,,98.199.173.254
395,Abie,Bulfoy,abulfoyay@topsy.com,Female,248.154.164.84
396,Lindy,Skowcraft,,Polygender,
397,Wilmer,Jozefiak,wjozefiakb0@about.com,Male,179.79.229.9
398,Guy,Forsdicke,gforsdickeb1@apache.org,,80.194.57.25
399,Amandi,,ajiroutkab2@ow.ly,Genderfluid,193.220.76.189
400,Wanids,Byatt,wbyattb3@google.com.au,Male,56.156.7.190
401,Corenda,Smeed,csmeedb4@feedburner.com,,19.226.162.91
402,Josh,Kerin,jkerinb5@drupal.org,Male,115.204.124.76
403,Emanuele,Grindrod,egrindrodb6@berkeley.edu,Male,64.232.249.254
404,Lowell,Artrick,,,
405,Wilfred,Blood,wbloodb8@un.org,Genderfluid,142.15.231.188
406,Dorian,Yanson,dyansonb9@auda.org.au,Non-binary,217.163.186.26
407,Tadio,Duckfield,tduckfieldba@uol.com.br,Genderqueer,243.173.28.124
408,Darrell,Willmer,,Genderqueer,
409,Suzette,Meanwell,smeanwellbc@msu.edu,,64.5.133.45
410,Vasili,Crowcombe,vcrowcombebd@ihg.com,Male,214.221.150.209
411,Pearle,Oughtright,poughtrightbe@businesswire.com,Female,186.112.18.19
412,Shaine,Giacovazzo,sgiacovazzobf@slideshare.net,,144.245.176.126
413,Marcile,Bernt,,,
414,Price,MacCartair,pmaccartairbh@cisco.com,,133.125.59.44
415,Cheri,Longstaff,clongstaffbi@wordpress.com,Non-binary,241.15.11.206
416,Saleem,Marcq,smarcqbj@fotki.com,Female,116.250.37.89
417,Christan,Pitway,cpitwaybk@hugedomains.com,Female,86.243.85.0
418,Stevena,Eckery,seckerybl@adobe.com,,174.115.40.97
419,,Dicks,,,
420,Lazar,Machans,lmachansbn@accuweather.com,,107.215.132.157
421,Michaeline,Murley,mmurleybo@sbwire.com,,84.139.108.99
422,Charlene,Lebourn,clebournbp@berkeley.edu,,49.102.245.64
423,Madlen,Tincey,mtinceybq@wikia.com,Genderfluid,53.73.76.156
424,Kaylyn,Westhofer,,,
425,Mason,Hamblen,mhamblenbs@webnode.com,Bigender,216.207.213.203
426,Talya,Khotler,,,
427,,Clay,lclaybu@yale.edu,Polygender,118.171.170.154
428,Rubi,Van De Cappelle,rvandecappellebv@google.cn,Agender,211.234.126.182
429,Wilfred,Duff,wduffbw@parallels.com,Agender,159.190.190.142
430,Martynne,,meddiebx@nba.com,Genderfluid,65.249.96.57
431,Mariya,Terrill,mterrillby@themeforest.net,,19.249.240.60
432,Douglas,Kenningham,dkenninghambz@wufoo.com,,7.26.127.70
433,Odella,Brabbins,obrabbinsc0@skype.com,Genderfluid,79.252.91.31
434,Adan,Yandell,ayandellc1@toplist.cz,Non-binary,86.63.125.240
435,Bridie,Dominighi,bdominighic2@google.com.br,,160.148.142.69
436,Cyrillus,McNickle,cmcnicklec3@irs.gov,Genderqueer,77.112.94.147
437,Sauveur,Oxterby,soxterbyc4@canalblog.com,,222.104.195.118
438,Eustacia,Matisoff,ematisoffc5@ycombinator.com,,171.203.176.35
439,,Fealey,jfealeyc6@networksolutions.com,Polygender,94.128.163.183
440,Blakeley,Autin,bautinc7@go.com,Male,34.6.132.136
441,Avivah,Hellikes,ahellikesc8@nba.com,,229.136.238.157
442,Leroy,Stubbley,,,
443,Liliane,Bramhill,lbramhillca@harvard.edu,,31.247.92.208
444,Hedwig,Jurisch,hjurischcb@biblegateway.com,,120.10.235.157
445,Orsola,Halliburton,ohalliburtoncc@nymag.com,,158.104.251.245
446,Lorne,Geraldini,lgeraldinicd@howstuffworks.com,,120.81.154.158
447,Dwain,Debney,ddebneyce@ning.com,,6.94.25.113
448,Morrie,Daniell,,,
449,Michail,Chaman,mchamancg@geocities.com,,149.173.143.237
450,Mead,,msenecautch@nytimes.com,Genderqueer,245.131.180.202
451,Roanna,Delouch,,,
452,Foster,Finlry,ffinlrycj@dion.ne.jp,,77.79.151.129
453,Darice,Duester,dduesterck@addtoany.com,,147.52.89.106
454,Brit,,bluddycl@live.com,,232.35.139.41
455,Ernest,Gilfoyle,egilfoylecm@studiopress.com,Genderqueer,114.245.90.144
456,,Branton,jbrantoncn@behance.net,Non-binary,100.169.115.47
457,Marji,Gissop,mgissopco@apache.org,Genderfluid,240.111.143.247
458,Elonore,Dineen,edineencp@facebook.com,,251.97.203.16
459,Kendell,Alessandretti,kalessandretticq@google.fr,,98.230.137.249
460,Waneta,Joint,wjointcr@amazon.co.uk,Agender,215.182.212.6
461,Riley,Dutch,rdutchcs@mail.ru,,68.246.57.174
462,Scot,Goodboddy,sgoodboddyct@squarespace.com,,78.89.249.10
463,Marys,Langtry,mlangtrycu@baidu.com,Agender,104.192.131.50
464,Juieta,Bigglestone,jbigglestonecv@prweb.com,,73.167.205.140
465,Rowland,Kestin,rkestincw@facebook.com,Genderfluid,4.60.67.164
466,Hannie,Risbrough,hrisbroughcx@goodreads.com,Non-binary,60.236.182.183
467,Zechariah,Ogan,zogancy@chron.com,Bigender,197.49.103.112
468,,,dsedgwickcz@google.ru,,70.246.140.88
469,Athena,Waterhouse,awaterhoused0@feedburner.com,,17.139.217.245
470,Kimberlyn,,,Bigender,
471,Samantha,Harmon,sharmond2@list-manage.com,,44.215.16.118
472,Sorcha,Bedbrough,sbedbroughd3@desdev.cn,Agender,12.188.34.64
473,Weston,Emlen,wemlend4@unblog.fr,Female,75.141.165.114
474,Bette-ann,,,,
475,Jilly,Boustred,jboustredd6@weather.com,,107.130.44.11
476,Lucretia,Jakolevitch,ljakolevitchd7@patch.com,,18.170.232.18
477,Bryn,Bereford,,,
478,Daisy,Cumbes,dcumbesd9@toplist.cz,Genderqueer,64.142.169.165
479,Suzann,Spenton,sspentonda@guardian.co.uk,,118.63.61.146
480,Michale,Tetla,mtetladb@goo.ne.jp,,210.33.181.114
481,Udell,Rouzet,urouzetdc@senate.gov,Agender,19.117.141.224
482,Neale,Kerrich,nkerrichdd@cpanel.net,,180.214.226.6
483,Felipa,,,,
484,Ronnie,Hollingsbee,,,
485,Arly,Aiton,,,
486,Bennie,Ghiriardelli,bghiriardellidh@xinhuanet.com,,55.159.110.240
487,Valry,Brierley,,,
488,Terri,Elsegood,telsegooddj@facebook.com,,247.172.225.202
489,Liam,Tardiff,ltardiffdk@tumblr.com,,71.32.207.94
490,Husain,Ellaway,hellawaydl@businesswire.com,,48.162.67.252
491,Zilvia,Kringe,zkringedm@nymag.com,Genderqueer,80.54.247.9
492,Ardene,Pandie,apandiedn@lulu.com,Non-binary,120.152.153.246
493,Bellanca,Erwin,berwindo@theglobeandmail.com,Bigender,206.16.34.236
494,Sandro,,sdingleydp@gov.uk,Female,125.23.223.164
495,Dynah,Clayworth,dclayworthdq@businesswire.com,,221.187.1.235
496,Tabb,Skyner,tskynerdr@about.com,,36.90.6.29
497,Iago,Attoe,,Genderqueer,
498,Roderick,Meugens,,,
499,Rozalie,Wellbeloved,,,
500,Ariella,Dargan,adargandv@cyberchimps.com,,222.222.106.5
501,Redford,Robberts,rrobbertsdw@ow.ly,,227.17.142.20
502,Pippo,Vondra,pvondradx@mtv.com,,143.60.245.133
503,Filip,O'Dwyer,,Bigender,
504,Brena,Matschuk,bmatschukdz@squidoo.com,Genderfluid,30.53.91.7
505,Bee,Winkle,,,
506,Sherye,Gethins,sgethinse1@examiner.com,,197.171.246.103
507,Dion,Muck,dmucke2@chron.com,,195.3.146.170
508,Randy,Ferres,rferrese3@cargocollective.com,,221.218.180.241
509,Roarke,Hinze,rhinzee4@woothemes.com,Male,48.215.202.217
510,Evvy,,evautiere5@craigslist.org,,92.57.113.228
511,Hadria,,hgoodbannee6@yandex.ru,,189.27.252.237
512,Chev,Skelcher,,Agender,
513,Lorie,Creavan,,Genderqueer,
514,Winfred,Burges,,,
515,Giffie,,gechlinea@washington.edu,,168.112.126.57
516,Dannye,Rewbottom,drewbottomeb@ovh.net,,50.236.14.115
517,Agna,Fritche,afritcheec@usa.gov,,177.101.21.162
518,Roobbie,,rbennettoed@gizmodo.com,,1.175.137.43
519,Bari,Branchet,bbranchetee@soup.io,,145.60.192.205
520,Xylia,Swanson,xswansonef@webnode.com,,221.129.134.194
521,Gabie,D'Adda,gdaddaeg@gmpg.org,,81.74.81.138
522,Lynne,Leith,,,
523,Petronille,Fanti,pfantiei@hc360.com,Genderfluid,44.235.121.255
524,Salomi,Crottagh,scrottaghej@networksolutions.com,Bigender,116.111.158.75
525,Cherish,Pendrigh,cpendrighek@eventbrite.com,,217.248.39.38
526,Tedd,Harborow,,Female,
527,Amandie,Peedell,apeedellem@freewebs.com,,105.36.213.149
528,Georges,Father,gfatheren@berkeley.edu,Bigender,28.77.213.33
529,Anna-maria,Denty,adentyeo@mac.com,Genderqueer,15.190.221.0
530,Birgit,Harberer,bharbererep@opensource.org,Female,50.42.112.87
531,Elga,Lemar,elemareq@oracle.com,Female,78.84.221.13
532,Shirl,Diggin,,,
533,Corrie,Gascoigne,cgascoignees@irs.gov,,58.253.111.61
534,Nichole,Loseby,nlosebyet@topsy.com,Male,119.216.161.154
535,Candi,Dolby,cdolbyeu@pbs.org,Polygender,59.68.195.77
536,Gib,Hayselden,ghayseldenev@live.com,,53.36.92.248
537,Felicia,Stenners,fstennersew@bizjournals.com,,56.122.179.206
538,Basia,Wichard,,Female,
539,Mathian,Shall,,,
540,Orrin,Stapels,ostapelsez@home.pl,,175.15.4.116
541,Orren,Pridgeon,opridgeonf0@sakura.ne.jp,Bigender,148.78.143.151
542,Christie,Atwel,catwelf1@ning.com,Female,101.191.36.166
543,Harland,Heers,hheersf2@123-reg.co.uk,Male,223.64.42.97
544,Jan,,jhallaganf3@sina.com.cn,Male,112.203.9.14
545,Henri,Alejandre,,Polygender,
546,Rollie,Brodest,rbrodestf5@dropbox.com,,205.52.175.167
547,Katinka,Coda,kcodaf6@miitbeian.gov.cn,Non-binary,12.249.220.25
548,Kellen,Grebbin,,Female,
549,Dulci,Woollhead,dwoollheadf8@comcast.net,,67.131.188.180
550,Esmeralda,Doorbar,edoorbarf9@baidu.com,,8.193.82.46
551,Chelsea,Klos,,,
552,Jeremy,Openshaw,jopenshawfb@blogger.com,,220.64.73.156
553,Jedediah,Huster,jhusterfc@gov.uk,Male,59.57.61.96
554,Justis,Redfern,,,
555,Ronni,Erlam,rerlamfe@google.it,,26.115.192.248
556,Joella,Alldred,jalldredff@cdc.gov,Bigender,135.180.87.16
557,Freda,Batalle,fbatallefg@google.co.uk,Agender,241.229.147.80
558,Blaine,Ayshford,bayshfordfh@jalbum.net,,117.124.199.74
559,,Carhart,,Non-binary,
560,Donella,O'Hingerty,,Genderfluid,
561,Parker,Behnen,pbehnenfk@toplist.cz,,220.104.120.237
562,Aimee,Miliffe,amiliffefl@examiner.com,Bigender,136.142.130.139
563,Bob,Geraudy,bgeraudyfm@naver.com,Female,224.34.230.198
564,Dominik,Noar,dnoarfn@phpbb.com,,77.111.187.151
565,Alexandro,Lambdin,alambdinfo@netlog.com,,55.39.61.177
566,Kailey,Gayther,kgaytherfp@angelfire.com,,134.45.11.91
567,Dannel,,dblackfordfq@cbc.ca,,23.134.86.226
568,Zerk,,zflementfr@google.ca,,69.21.184.19
569,,Gettins,tgettinsfs@bluehost.com,Agender,224.176.23.122
570,Randi,Smylie,rsmylieft@psu.edu,,218.83.66.129
571,Karla,Horick,,,
572,Vita,Heake,vheakefv@mtv.com,,88.115.244.102
573,Honor,Stourton,hstourtonfw@mysql.com,,132.94.16.229
574,Brandea,Pontain,bpontainfx@mail.ru,,23.227.122.99
575,Culver,Thynn,cthynnfy@independent.co.uk,,197.42.128.163
576,Stevy,Mertel,smertelfz@paginegialle.it,,243.233.9.227
577,Latashia,Franciotti,,Agender,
578,Rafe,Delgua,rdelguag1@gov.uk,,74.54.185.7
579,Chevy,Emerson,cemersong2@theguardian.com,,129.55.1.72
580,Gare,Antczak,gantczakg3@free.fr,Genderfluid,63.145.2.68
581,Salvidor,Vallens,,,
582,Roth,,rsandyg5@list-manage.com,,130.252.164.14
583,Genovera,Upshall,,Agender,
584,Joycelin,Tessier,jtessierg7@meetup.com,Genderfluid,94.100.32.99
585,Fons,Speeks,fspeeksg8@chronoengine.com,Male,133.143.158.85
586,Bealle,Goodlet,bgoodletg9@prweb.com,,245.168.120.184
587,Kelila,Lillicrap,klillicrapga@ow.ly,,32.134.31.18
588,Cindra,Goodfield,cgoodfieldgb@uiuc.edu,,236.154.109.252
589,Burty,Conyers,,,
590,Cecelia,Gibbieson,cgibbiesongd@desdev.cn,Polygender,127.196.64.240
591,Ricoriki,Perch,rperchge@marriott.com,,201.170.217.41
592,Monro,Knutton,mknuttongf@taobao.com,,212.132.237.1
593,Hana,Le Moucheux,hlemoucheuxgg@constantcontact.com,Bigender,214.56.219.206
594,Malissia,Braitling,mbraitlinggh@yellowbook.com,Genderqueer,58.200.106.145
595,Kristina,Haughton,khaughtongi@omniture.com,Non-binary,198.123.184.102
596,Gerry,MacSween,gmacsweengj@yellowbook.com,Genderqueer,38.36.151.207
597,Daisy,Bernardy,dbernardygk@github.com,,252.58.19.148
598,Sonnie,Digance,sdigancegl@angelfire.com,Genderfluid,244.77.133.29
599,Else,Goulthorp,,Genderqueer,
600,Frank,Yate,,,
601,Marcia,Dedenham,mdedenhamgo@bluehost.com,Genderfluid,90.30.205.103
602,Kelsey,Shorto,,Bigender,
603,Sheridan,Davidai,sdavidaigq@macromedia.com,Non-binary,22.73.125.90
604,Clara,Gobourn,cgobourngr@marketwatch.com,Bigender,242.131.40.10
605,Kipp,Bifield,,,
606,Pepito,O'Crevy,pocrevygt@ted.com,,136.81.157.90
607,Lilyan,Piscopello,lpiscopellogu@ibm.com,,125.217.103.169
608,Paolo,Carsey,,,
609,Anna-diane,Tillerton,atillertongw@friendfeed.com,,157.103.70.116
610,Gavra,Willingale,gwillingalegx@uiuc.edu,Agender,5.89.197.171
611,Fred,Antoniottii,fantoniottiigy@slate.com,Bigender,60.149.119.131
612,Lon,Titchard,ltitchardgz@hatena.ne.jp,,231.202.219.172
613,Shep,Synan,ssynanh0@wiley.com,Polygender,4.255.26.213
614,,Dursley,sdursleyh1@istockphoto.com,,8.239.116.246
615,Nata,Moar,,,
616,Krissie,Duffill,kduffillh3@google.cn,,155.25.86.149
617,Sauncho,,ssotworthh4@linkedin.com,,94.249.155.62
618,Neil,,nkniftonh5@nydailynews.com,Non-binary,161.241.127.171
619,Cristina,Sandeland,csandelandh6@comsenz.com,Female,79.103.228.236
620,Cyrillus,Barrott,cbarrotth7@chicagotribune.com,,199.60.211.140
621,Pru,Orgen,porgenh8@upenn.edu,Bigender,30.3.141.240
622,Dennis,Panting,,,
623,,Boshers,sboshersha@mlb.com,,42.246.191.116
624,Mayor,Frowen,mfrowenhb@newyorker.com,,152.115.149.37
625,Marcelle,Pes,mpeshc@soup.io,,79.228.93.166
626,Goddart,Thurstance,gthurstancehd@feedburner.com,,216.72.73.37
627,Geoffrey,Vanyushkin,gvanyushkinhe@google.es,,97.194.247.254
628,Christel,Osmint,,,
629,Sibley,Mortimer,smortimerhg@princeton.edu,Non-binary,169.102.53.80
630,Paloma,Mudd,pmuddhh@nps.gov,,88.39.43.33
631,Lamar,De Carlo,ldecarlohi@independent.co.uk,Male,171.234.77.243
632,Ravid,Catton,rcattonhj@phoca.cz,Polygender,186.251.180.204
633,Kathy,Gjerde,kgjerdehk@constantcontact.com,Female,24.179.75.232
634,Tiphany,Grimsditch,,,
635,Shaina,Binny,,,
636,Mortimer,Malletratt,mmalletratthn@biglobe.ne.jp,Agender,75.144.132.235
637,Fabiano,Smitherham,,,
638,Robbi,Merwede,rmerwedehp@state.tx.us,,17.220.211.199
639,Bendite,Mosedale,bmosedalehq@51.la,,157.20.53.58
640,Chrissie,Woehler,cwoehlerhr@guardian.co.uk,Polygender,228.28.148.33
641,Toni,Cuddon,tcuddonhs@macromedia.com,Non-binary,68.2.3.16
642,Jean,,jdowtyht@reddit.com,Non-binary,195.59.254.102
643,Sophia,Batrim,sbatrimhu@soup.io,,8.215.17.186
644,Alida,Ruprechter,aruprechterhv@gov.uk,,225.204.170.87
645,Caron,Cosens,ccosenshw@tiny.cc,Genderqueer,147.135.201.170
646,Ulberto,Claypole,uclaypolehx@buzzfeed.com,Bigender,91.240.40.147
647,Brendin,Calfe,bcalfehy@time.com,Polygender,254.246.237.118
648,Bartlet,Shiel,,Polygender,
649,Gustavo,Downham,gdownhami0@scientificamerican.com,,144.138.55.45
650,,Urwen,rurweni1@wordpress.org,,57.236.211.143
651,Jamison,Bilson,jbilsoni2@nih.gov,,7.211.117.189
652,Krisha,Carreck,,Genderqueer,
653,Alexia,Weiner,,Male,
654,Yuma,Fladgate,yfladgatei5@adobe.com,,32.33.18.235
655,Gibby,Dey,,,
656,Debi,Amar,damari7@businessweek.com,Genderqueer,36.181.45.141
657,Olimpia,Kittel,,Female,
658,Kasey,Wagg,kwaggi9@delicious.com,,203.45.200.16
659,Starla,Giocannoni,sgiocannoniia@ustream.tv,Non-binary,253.96.110.26
660,Rosalinda,Zupone,rzuponeib@ovh.net,Agender,220.113.58.116
661,Willi,Kennealy,wkennealyic@yahoo.com,,69.28.200.246
662,Aylmer,Francescotti,afrancescottiid@hud.gov,Genderqueer,248.150.16.178
663,Shadow,Ox,soxie@thetimes.co.uk,Polygender,223.207.221.71
664,Ikey,,ibuxcyif@twitter.com,,19.233.38.116
665,Antonella,Bramo,,,
666,Artemas,Chatten,,,
667,Haslett,Aymer,haymerii@blog.com,,201.66.214.36
668,Goldia,Gainsburgh,,,
669,Ira,Grice,igriceik@stumbleupon.com,,203.209.169.8
670,Myles,Powelee,mpoweleeil@statcounter.com,,222.69.8.65
671,Evangelin,Derl,ederlim@clickbank.net,,101.196.199.120
672,Lissi,Perkinson,lperkinsonin@bloomberg.com,Genderqueer,89.196.50.252
673,Isidora,Tappington,itappingtonio@google.ca,,194.162.167.94
674,Jerad,Larmouth,jlarmouthip@last.fm,,184.210.207.21
675,Shirlee,Cherrington,scherringtoniq@example.com,,132.165.222.45
676,Winona,Gieraths,wgierathsir@go.com,,81.74.133.56
677,Cyrill,Steadman,csteadmanis@prnewswire.com,,181.40.237.199
678,Jacklin,Kidner,,,
679,Rhianna,Quernel,,,
680,Wandis,Antecki,wanteckiiv@hp.com,Female,42.110.124.173
681,Therese,Spriggin,,Genderfluid,
682,Thaine,Zanetto,,,
683,Nonna,Kesper,nkesperiy@abc.net.au,,219.208.18.159
684,Cirilo,Surguine,,,
685,Halli,Colhoun,hcolhounj0@senate.gov,Bigender,155.60.208.120
686,Dionysus,Grinikhin,dgrinikhinj1@marketwatch.com,Bigender,75.213.131.112
687,,Iglesias,ciglesiasj2@csmonitor.com,Polygender,141.217.56.17
688,Johanna,Throughton,,Female,
689,Eimile,Glossup,eglossupj4@fda.gov,Non-binary,217.177.114.152
690,Cole,Baughan,cbaughanj5@timesonline.co.uk,,223.130.127.53
691,Vasilis,Peacham,vpeachamj6@accuweather.com,Agender,122.115.122.78
692,Jaimie,Gwillim,,Polygender,
693,Kennie,Gilhouley,kgilhouleyj8@nymag.com,,240.207.82.199
694,Danice,Potzold,dpotzoldj9@bing.com,,150.149.103.229
695,Tammie,Ricketts,trickettsja@hao123.com,Polygender,56.250.44.162
696,Amby,Matyushonok,,Male,
697,Gnni,,,Genderfluid,
698,Karlotte,Gehrtz,kgehrtzjd@yahoo.com,Genderfluid,43.170.228.13
699,Gabrila,Grouvel,ggrouvelje@mozilla.org,,180.52.185.56
700,Bogey,Ickowics,bickowicsjf@mysql.com,,250.54.184.147
701,Hedda,Horick,hhorickjg@samsung.com,Genderqueer,228.5.154.142
702,Sashenka,Longdon,slongdonjh@alexa.com,,68.113.159.50
703,Tessie,Risely,,,
704,Cinnamon,Train,ctrainjj@java.com,,147.204.194.188
705,Aveline,Ayllett,,,
706,Nixie,D'Souza,ndsouzajl@slate.com,Genderfluid,204.166.116.35
707,Cordelia,Rosellini,,Bigender,
708,Maribel,Tenman,,,
709,Dasi,McMinn,,,
710,Ewart,Pitblado,,,
711,Anneliese,Cherryman,,Non-binary,
712,Sibella,Stuckley,sstuckleyjr@ucsd.edu,,134.191.219.55
713,Jan,Mandrake,jmandrakejs@upenn.edu,Bigender,139.77.202.108
714,Sheffy,Ligertwood,sligertwoodjt@weibo.com,Female,39.68.182.162
715,Donavon,Wallentin,dwallentinju@baidu.com,Bigender,111.37.222.105
716,Aviva,Valero,avalerojv@facebook.com,,33.91.168.147
717,Gerhardt,Selburn,gselburnjw@constantcontact.com,,87.150.66.64
718,Willis,Nixon,wnixonjx@de.vu,Non-binary,78.143.121.12
719,Alphard,Doleman,adolemanjy@utexas.edu,Bigender,203.38.248.137
720,Upton,Selly,usellyjz@tumblr.com,Male,58.54.62.90
721,,Ladel,,,
722,Caro,Stroder,cstroderk1@opensource.org,,81.253.145.206
723,Karlen,Titlow,ktitlowk2@time.com,Agender,224.47.205.5
724,,Sammars,esammarsk3@mozilla.com,,64.112.152.117
725,Maible,McCaskill,,Non-binary,
726,Danita,Fardy,dfardyk5@time.com,,10.68.203.11
727,Mabelle,McFetridge,mmcfetridgek6@newsvine.com,,238.171.238.42
728,Fabe,,fianettik7@reverbnation.com,Genderqueer,43.249.68.255
729,Jerry,Lebbon,jlebbonk8@biblegateway.com,,20.166.226.164
730,Ula,Myner,umynerk9@scientificamerican.com,,119.137.235.171
731,Aland,Rooms,aroomska@ox.ac.uk,,60.194.196.97
732,Cal,Diggens,,,
733,Sisile,Alliban,,,
734,Vitia,Godbolt,vgodboltkd@instagram.com,,93.115.208.225
735,Abbey,Mulroy,amulroyke@blog.com,,57.163.73.105
736,Conant,Bogges,cboggeskf@toplist.cz,Agender,24.85.168.132
737,Rafa,Keuneke,rkeunekekg@free.fr,,46.43.65.179
738,Lyn,Fudge,lfudgekh@bloglines.com,,43.239.108.129
739,Lacy,Bonelle,lbonelleki@booking.com,,21.5.96.255
740,Oona,Gouldeby,ogouldebykj@wiley.com,,2.105.130.89
741,Helen,Diggins,hdigginskk@accuweather.com,,235.170.205.205
742,Ruperto,Skoate,rskoatekl@wordpress.org,Bigender,61.134.77.52
743,,Desaur,,,
744,Belvia,Derrington,bderringtonkn@forbes.com,,109.123.164.193
745,Lotti,Houseley,lhouseleyko@businessweek.com,,107.45.174.0
746,Mame,,msylvainekp@shutterfly.com,,183.192.51.170
747,Sanford,Solano,,,
748,Judd,Fawbert,jfawbertkr@mashable.com,Male,59.34.83.196
749,Benedetto,Haet,bhaetks@fema.gov,Non-binary,69.49.195.71
750,Alverta,Shine,ashinekt@kickstarter.com,Genderqueer,142.169.246.14
751,Concettina,Finney,cfinneyku@smh.com.au,Bigender,30.43.174.207
752,Silvain,Cisson,scissonkv@jiathis.com,,10.217.144.74
753,Helyn,Aloshikin,,Female,
754,Mayne,Vayro,,,
755,Kai,,kashlinky@nifty.com,Non-binary,198.241.161.124
756,Vina,Mustin,,Genderfluid,
757,Roddie,Sipson,rsipsonl0@joomla.org,,224.147.12.231
758,Hatti,Markson,hmarksonl1@free.fr,,255.143.89.233
759,Ola,Limpkin,,Polygender,
760,Wilbert,Gianetti,wgianettil3@shutterfly.com,,175.34.65.117
761,Gerda,Longstreeth,glongstreethl4@typepad.com,,163.105.196.228
762,Jodi,Gilby,,,
763,Llywellyn,Twinning,ltwinningl6@opensource.org,,170.27.232.199
764,Nita,Baptiste,nbaptistel7@github.com,,212.35.161.217
765,,Davydochkin,pdavydochkinl8@microsoft.com,Female,83.55.76.114
766,Abbie,Tattershall,atattershalll9@gizmodo.com,Polygender,23.51.27.173
767,Standford,Thompson,,,
768,,Relf,arelflb@deliciousdays.com,Female,57.129.146.165
769,Ozzie,Megany,omeganylc@symantec.com,,51.173.30.135
770,Fraze,Rowan,frowanld@amazon.co.uk,Male,112.64.208.41
771,Katha,,kfortiele@indiegogo.com,,148.72.139.226
772,Bryana,Scandwright,,,
773,Katine,de Grey,kdegreylg@squidoo.com,Genderfluid,166.24.103.39
774,Waylen,Duferie,wduferielh@cbslocal.com,,116.20.12.234
775,Brenden,MacCarter,bmaccarterli@pcworld.com,,222.167.8.106
776,,Tylor,,Genderfluid,
777,Hendrick,Rojahn,,,
778,Lanie,Yemm,lyemmll@cloudflare.com,Non-binary,215.134.34.237
779,Rhiamon,Lavielle,rlaviellelm@homestead.com,Female,128.8.30.188
780,Almeda,Raper,,Bigender,
781,Cassandre,Lomax,clomaxlo@deliciousdays.com,,237.206.193.225
782,,Cowles,scowleslp@cornell.edu,,129.173.213.69
783,Terence,Robuchon,trobuchonlq@dot.gov,,19.232.170.163
784,Cissy,Standall,,Male,
785,Douglass,Hotton,dhottonls@spotify.com,,57.32.63.81
786,Daisie,Purshouse,,Male,
787,Doug,Caldecourt,dcaldecourtlu@narod.ru,,68.119.68.40
788,Sheri,Forsaith,sforsaithlv@g.co,,95.76.109.210
789,Yanaton,Ungaretti,yungarettilw@bloglines.com,Non-binary,239.153.126.99
790,Luciano,Clougher,,,
791,Penny,Hambers,phambersly@techcrunch.com,,201.19.122.110
792,Yurik,Domini,ydominilz@nbcnews.com,,178.222.176.109
793,Aindrea,Deavall,adeavallm0@issuu.com,,56.209.241.84
794,Jud,Adcocks,jadcocksm1@eventbrite.com,,87.243.40.39
795,Ninnette,Damrell,ndamrellm2@theguardian.com,,231.146.159.96
796,Steffen,Rumsey,srumseym3@dyndns.org,Bigender,128.146.42.92
797,Iormina,McGreil,imcgreilm4@shop-pro.jp,Genderqueer,128.91.66.55
798,Merl,Abrey,,,
799,Datha,Callery,dcallerym6@stumbleupon.com,,183.104.250.111
800,Bobbette,D'Oyley,bdoyleym7@usa.gov,Agender,14.16.90.95
801,Grayce,Goulter,,Male,
802,Layton,Haygreen,lhaygreenm9@cbc.ca,,217.202.135.98
803,Christoforo,Novichenko,cnovichenkoma@blinklist.com,Agender,11.127.152.107
804,Nissa,Marden,,,
805,Andres,Crehan,acrehanmc@usnews.com,,28.30.77.245
806,Alta,Brandino,,,
807,Doe,Pinxton,dpinxtonme@stumbleupon.com,,100.195.177.113
808,Jacquenetta,Elliker,jellikermf@ted.com,Genderfluid,71.209.65.236
809,Vince,Bissell,vbissellmg@amazon.co.jp,,121.167.240.135
810,,Tippin,,Female,
811,Nicky,Alps,nalpsmi@photobucket.com,,98.156.172.85
812,Jilleen,Grand,jgrandmj@uol.com.br,,5.113.205.170
813,Tory,MacKenny,tmackennymk@cyberchimps.com,,168.182.27.154
814,Pieter,Bille,pbilleml@tiny.cc,,104.144.143.13
815,Fonsie,Topper,ftoppermm@bandcamp.com,,98.23.222.238
816,Maridel,Kubat,mkubatmn@wisc.edu,Polygender,93.104.226.2
817,Brietta,Gazzard,bgazzardmo@gravatar.com,Bigender,93.21.57.127
818,Templeton,Durtnall,tdurtnallmp@scribd.com,,8.52.50.8
819,Christal,Corzon,,,
820,Earlie,Lewinton,elewintonmr@altervista.org,Genderfluid,114.250.173.69
821,Kial,Gregoire,kgregoirems@vimeo.com,,134.170.15.35
822,Adelind,Rowberry,arowberrymt@ifeng.com,,245.242.154.145
823,Justina,Smogur,jsmogurmu@foxnews.com,Agender,128.209.203.57
824,Niki,Renahan,nrenahanmv@hibu.com,Male,225.87.209.194
825,Devora,Boal,dboalmw@fastcompany.com,Bigender,169.186.70.115
826,Lucille,Robey,lrobeymx@globo.com,,82.67.47.53
827,Patric,Roller,,Bigender,
828,Lockwood,Reimer,lreimermz@ow.ly,Male,103.29.240.169
829,Hedvig,Valero,hvaleron0@people.com.cn,Genderqueer,180.21.42.167
830,Christan,Landells,clandellsn1@amazon.co.uk,,179.56.184.82
831,,Asman,,,
832,Ive,Sayburn,isayburnn3@pen.io,Non-binary,108.34.99.100
833,Renata,Rickford,rrickfordn4@prlog.org,,164.248.175.238
834,Koressa,Jakubczyk,,Genderfluid,
835,Kalie,Queripel,kqueripeln6@studiopress.com,,158.72.33.36
836,Parrnell,Alfonsetti,palfonsettin7@about.com,,227.220.214.228
837,Raquela,Shadbolt,rshadboltn8@yolasite.com,Polygender,201.207.135.30
838,Willard,Fermor,wfermorn9@qq.com,Bigender,115.233.237.122
839,Saunder,Meikle,smeiklena@nymag.com,,122.184.42.132
840,Cthrine,Fritzer,,,
841,Gilbert,Pallent,gpallentnc@utexas.edu,,254.79.31.226
842,Pacorro,Pragnell,ppragnellnd@youku.com,,146.86.95.62
843,Trstram,Tumioto,ttumiotone@webmd.com,Agender,165.219.95.239
844,Revkah,Cathesyed,rcathesyednf@economist.com,,251.47.5.194
845,Mac,Jeanequin,mjeanequinng@forbes.com,,77.27.171.169
846,Anne-corinne,Scarbarrow,,Bigender,
847,Jennee,Owbrick,jowbrickni@pcworld.com,Polygender,248.111.177.160
848,Graehme,Sutherden,gsutherdennj@sun.com,,167.2.65.75
849,Pierce,Kieran,pkierannk@angelfire.com,Female,105.244.48.20
850,Claresta,Brockbank,cbrockbanknl@friendfeed.com,Polygender,42.192.218.220
851,Irv,Royste,iroystenm@google.co.jp,,128.205.43.67
852,Reggie,Larkins,rlarkinsnn@weibo.com,Polygender,3.121.141.232
853,Evie,Dossettor,edossettorno@list-manage.com,Genderqueer,165.167.190.27
854,Joyann,Orrock,jorrocknp@go.com,,1.126.129.202
855,Danny,Culpin,,,
856,Quill,Petrillo,qpetrillonr@cornell.edu,,196.0.21.149
857,Christabella,Keson,ckesonns@tinypic.com,Agender,109.18.205.16
858,Pansie,Lightowler,plightowlernt@usgs.gov,,24.143.192.7
859,Lanita,Greggersen,lgreggersennu@bbb.org,Non-binary,232.73.155.188
860,Kristofor,,,,
861,Sloan,Warder,swardernw@oakley.com,,48.172.154.142
862,Grover,Stanluck,gstanlucknx@deliciousdays.com,,60.224.103.91
863,Shirley,Cullin,,,
864,Merla,,,,
865,Mendy,Goodale,,,
866,Randi,Darville,rdarvilleo1@state.tx.us,Polygender,162.12.36.125
867,,Strivens,mstrivenso2@cargocollective.com,,242.70.157.83
868,Dennison,Bigly,dbiglyo3@netscape.com,,157.195.8.203
869,,Kenford,,Male,
870,Ardeen,O'Sesnane,aosesnaneo5@seesaa.net,,176.149.0.123
871,Celestyn,Ayliffe,cayliffeo6@hp.com,,234.92.195.124
872,Cesaro,Elvy,celvyo7@home.pl,,66.168.195.57
873,Maxy,Breckenridge,mbreckenridgeo8@hatena.ne.jp,,22.65.218.227
874,Hyacinthia,Edsall,hedsallo9@cornell.edu,,90.4.220.224
875,Kellsie,Rockwell,krockwelloa@360.cn,Male,185.95.224.176
876,Stacee,Hucknall,shucknallob@tinypic.com,Genderqueer,151.219.156.92
877,Ardene,Dreakin,,,
878,Joshuah,Cruikshanks,jcruikshanksod@nature.com,,120.186.73.6
879,Jacynth,Witsey,jwitseyoe@nytimes.com,Genderqueer,80.72.172.184
880,Gabrila,Babalola,,Bigender,
881,Crystie,Luchelli,cluchelliog@list-manage.com,,130.159.140.25
882,Chelsae,Ashbe,,,
883,Aurie,Hubach,,,
884,Bobby,Becerra,bbecerraoj@blinklist.com,Genderqueer,161.199.83.132
885,Netti,Hurlestone,,,
886,Leland,MacElholm,lmacelholmol@washingtonpost.com,Non-binary,143.108.13.77
887,Rubetta,,,Genderfluid,
888,Darrin,Ervine,,,
889,Katalin,Venour,kvenouroo@jigsy.com,Agender,182.116.16.129
890,Tore,Ghirigori,tghirigoriop@paypal.com,,112.80.82.142
891,Jasen,Piniur,jpiniuroq@histats.com,,75.144.219.49
892,Patrizio,Bolus,pbolusor@wp.com,,38.151.78.174
893,Lucina,Wadeling,,Female,
894,Ivy,Sidden,isiddenot@vimeo.com,Non-binary,156.142.238.186
895,Mersey,Lukehurst,mlukehurstou@spotify.com,Agender,164.132.119.191
896,Olav,Dowber,odowberov@sitemeter.com,,21.147.196.30
897,Ritchie,Apfler,rapflerow@live.com,Female,14.132.128.8
898,Brittany,,bmoulsonox@mozilla.com,Polygender,77.123.165.197
899,Karim,Andreassen,kandreassenoy@redcross.org,Male,39.89.123.49
900,Kaleb,Hodcroft,khodcroftoz@yolasite.com,,226.84.198.137
901,Farly,Knight,fknightp0@angelfire.com,,99.99.200.194
902,Jamaal,Realff,jrealffp1@yelp.com,,198.171.219.31
903,Dennie,Ishchenko,dishchenkop2@cloudflare.com,,153.33.26.66
904,Nona,Glanester,,,
905,Dedie,Orrum,dorrump4@msn.com,,150.227.106.164
906,Stesha,Eversley,,,
907,Jay,Broadwood,jbroadwoodp6@purevolume.com,,45.169.21.50
908,Benito,Arnaudet,barnaudetp7@issuu.com,,148.81.47.37
909,Mariele,Wrighton,mwrightonp8@google.ca,,94.166.80.12
910,Annadiana,Liddel,,Genderfluid,
911,Barry,Pandya,bpandyapa@newsvine.com,,174.208.159.170
912,Teri,Darragh,tdarraghpb@slideshare.net,,85.74.65.105
913,Damiano,Renehan,drenehanpc@businessweek.com,,243.42.83.29
914,Brent,McIllroy,bmcillroypd@apache.org,,210.11.98.104
915,Raimundo,Beare,rbearepe@nps.gov,,209.122.244.62
916,Vincenz,Plante,vplantepf@omniture.com,,237.103.255.31
917,Baxy,Pennock,bpennockpg@nsw.gov.au,,5.225.226.75
918,Bebe,Murty,bmurtyph@yandex.ru,Polygender,42.76.183.96
919,Silvana,Ward,swardpi@bloomberg.com,,215.4.143.247
920,Amalia,Castanho,acastanhopj@friendfeed.com,,194.226.118.49
921,Mace,Frankish,mfrankishpk@census.gov,Female,131.222.250.207
922,Neall,Penella,npenellapl@cnbc.com,Male,133.152.111.82
923,Laureen,Thoumas,lthoumaspm@google.cn,,216.176.101.51
924,Meris,Alberts,malbertspn@alexa.com,,90.232.216.102
925,Kellen,Rickardsson,krickardssonpo@bandcamp.com,,32.55.51.124
926,Henrie,Scohier,hscohierpp@behance.net,Genderfluid,248.50.102.97
927,Roley,Klasen,rklasenpq@hao123.com,Male,155.253.252.133
928,,McBrearty,kmcbreartypr@google.cn,Genderfluid,202.243.217.88
929,Deana,Lightewood,dlightewoodps@liveinternet.ru,Polygender,155.143.87.63
930,Shane,Scates,sscatespt@nifty.com,Non-binary,160.184.74.135
931,Raeann,O'Breen,robreenpu@mapy.cz,Male,140.98.37.112
932,Tabbitha,Oldred,toldredpv@webmd.com,Genderfluid,28.229.31.137
933,Verile,Eldin,,Non-binary,
934,Keary,,kbroompx@imgur.com,Bigender,60.29.124.203
935,Blanch,Olivet,bolivetpy@dailymotion.com,Agender,28.80.190.6
936,Orran,Vigrass,ovigrasspz@arizona.edu,,135.160.208.11
937,Renate,Itzhak,ritzhakq0@sciencedaily.com,,28.161.191.148
938,Devlen,Ackerley,dackerleyq1@drupal.org,,195.128.120.9
939,Halsey,Livett,hlivettq2@newyorker.com,,41.108.47.227
940,Russell,Cruwys,,Bigender,
941,Melisent,Pach,mpachq4@shareasale.com,Genderfluid,136.188.216.154
942,Sharia,Nance,snanceq5@xinhuanet.com,Non-binary,25.144.123.80
943,Rodi,Dot,rdotq6@zdnet.com,,153.108.122.62
944,Shanda,Woodeson,swoodesonq7@cmu.edu,,155.46.52.44
945,Lenard,Keysel,lkeyselq8@bravesites.com,,91.196.142.29
946,Hobart,Harvison,hharvisonq9@amazon.de,,175.167.120.113
947,Myles,Heigl,mheiglqa@baidu.com,,179.55.99.18
948,Matteo,Labet,mlabetqb@wiley.com,Non-binary,115.76.14.43
949,Querida,Draisey,qdraiseyqc@telegraph.co.uk,Male,104.184.111.173
950,,Friskey,zfriskeyqd@flickr.com,,94.202.142.14
951,,Reiling,hreilingqe@discovery.com,,48.96.50.48
952,Jeremie,Mattioli,jmattioliqf@nih.gov,,141.154.101.164
953,Pail,Scolland,pscollandqg@prweb.com,Genderqueer,173.254.157.68
954,Randene,Moreland,rmorelandqh@free.fr,,148.152.130.163
955,Bastian,Bingley,bbingleyqi@360.cn,,70.224.151.198
956,Marcellus,Swale,mswaleqj@vimeo.com,Genderfluid,127.191.136.178
957,Velvet,Young,vyoungqk@unesco.org,,43.140.231.187
958,Miran,Yeaman,,,
959,Killie,Kobiela,kkobielaqm@delicious.com,Non-binary,58.70.18.153
960,Elke,Hebblewaite,ehebblewaiteqn@prlog.org,,198.133.67.193
961,Nikolia,Fenna,nfennaqo@woothemes.com,,253.235.118.238
962,Ase,Pirie,apirieqp@dot.gov,Female,45.127.246.160
963,Danell,Ewington,dewingtonqq@ucoz.com,,205.180.238.52
964,Saba,Denholm,sdenholmqr@livejournal.com,Female,178.78.70.195
965,Alanna,Brawley,,Non-binary,
966,Fabian,Rubinowitz,frubinowitzqt@nyu.edu,,115.3.114.23
967,Josepha,DeSousa,jdesousaqu@shutterfly.com,,32.90.208.95
968,Jonell,Prozescky,jprozesckyqv@harvard.edu,Bigender,109.0.132.42
969,Marc,Kits,mkitsqw@icq.com,Bigender,56.53.236.216
970,Matteo,Barlace,,Male,
971,Shadow,Juris,,Genderqueer,
972,Annamarie,Baudichon,,Female,
973,Marge,Gravatt,mgravattr0@123-reg.co.uk,Agender,2.177.147.41
974,Florian,Leavy,fleavyr1@noaa.gov,,139.77.4.37
975,Rex,Botger,rbotgerr2@discuz.net,,214.113.111.109
976,Rochelle,Brammar,rbrammarr3@indiegogo.com,Female,107.67.89.231
977,,Jendas,sjendasr4@yolasite.com,Male,169.55.54.2
978,Pauletta,,,Female,
979,Benedick,Bleddon,bbleddonr6@japanpost.jp,Agender,123.233.115.185
980,Fred,Schukert,fschukertr7@vinaora.com,Female,27.170.161.19
981,Oralee,Otto,,Genderfluid,
982,Frederigo,Puddan,fpuddanr9@miibeian.gov.cn,,103.125.41.44
983,Trumann,Czajka,tczajkara@jiathis.com,,149.47.95.76
984,Sean,McKie,smckierb@mit.edu,,71.146.139.3
985,Alvinia,Eckhard,aeckhardrc@themeforest.net,Male,241.165.206.96
986,Parry,Mabbott,pmabbottrd@surveymonkey.com,,199.48.102.253
987,Asa,Cromleholme,,,
988,Reinaldos,Hendren,rhendrenrf@about.me,Bigender,68.20.22.225
989,Petunia,,pwinkellrg@mit.edu,,214.141.247.9
990,Norbert,Szach,,,
991,Dora,Halloway,dhallowayri@nymag.com,Female,12.176.38.163
992,Karolina,Duchart,kduchartrj@simplemachines.org,Male,233.1.59.234
993,,Bircher,abircherrk@usda.gov,,253.62.226.176
994,Fin,Quinton,fquintonrl@google.com.au,,15.47.80.201
995,Alyda,Pasmore,,Genderqueer,
996,,Fowden,afowdenrn@va.gov,Agender,239.169.236.52
997,,Dunklee,rdunkleero@eventbrite.com,,6.251.131.124
998,Penny,Colten,,,
999,Koralle,Rickell,krickellrq@columbia.edu,Bigender,30.31.126.12
1000,Suzy,Sisley,ssisleyrr@answers.com,,203.6.226.0
